Timestamp,Temperature (C),Humidity (%),Lux Intensity,CO2 Level (ppm),Occupancy,Fan Speed,Lighting Level,Humidifier Level,Air Purifier Level,Energy Usage (kWh)
04/06/24 00:00,25.36,36.72,26.91,866.02,4,56,92,6,2,0.53
04/06/24 00:01,29.26,59.910000000000004,1.65,527.3,5,75,76,41,5,0.77
04/06/24 00:02,20.25,43.15,0.36,1388.27,2,7,11,55,84,0.52
04/06/24 00:03,26.73,45.339999999999996,9.21,1834.7,0,61,3,39,52,0.59
04/06/24 00:04,18.76,40.25,30.91,1135.13,3,38,31,77,76,0.78
04/06/24 00:05,29.57,59.15,3.25,1423.54,3,54,64,0,83,0.85
04/06/24 00:06,17.47,56.49,22.0,1784.47,3,0,66,32,64,0.55
04/06/24 00:07,22.42,43.459999999999994,49.09,1523.9,0,47,49,18,47,0.6
04/06/24 00:08,16.06,64.61,10.02,1586.17,3,24,19,52,30,0.44
04/06/24 00:09,20.88,69.53,45.25,1486.19,2,41,54,97,45,0.68
04/06/24 00:10,24.57,47.54,38.58,1722.19,0,1,17,30,35,0.25
04/06/24 00:11,24.78,61.68,18.75,836.11,4,8,13,25,12,0.16
04/06/24 00:12,15.64,61.79,26.35,1782.89,4,10,81,86,37,0.59
04/06/24 00:13,26.42,69.34,2.52,1457.13,2,32,33,100,66,0.75
04/06/24 00:14,18.0,57.93,45.07,861.4300000000001,0,76,56,61,90,0.95
04/06/24 00:15,27.59,48.74,22.03,1332.52,3,75,41,21,25,0.61
04/06/24 00:16,23.87,45.699999999999996,32.3,501.47,5,86,26,74,44,0.86
04/06/24 00:17,29.01,38.96,25.52,1954.01,3,35,87,85,1,0.56
04/06/24 00:18,24.8,40.02,13.93,754.04,3,75,45,81,69,0.9
04/06/24 00:19,21.52,70,39.69,1406.01,0,94,64,42,28,0.9
04/06/24 00:20,29.29,63.78,39.25,1713.77,3,33,40,68,62,0.71
04/06/24 00:21,20.96,70,1.47,400,3,25,82,71,59,0.71
04/06/24 00:22,17.73,67.02,16.51,1929.6,2,50,13,22,14,0.4
04/06/24 00:23,17.61,68.44,22.05,1746.94,3,12,21,70,51,0.43
04/06/24 00:24,21.65,39.79,48.17,503.49,3,66,6,35,51,0.61
04/06/24 00:25,24.85,60.83,4.42,1085.27,0,80,75,16,59,0.86
04/06/24 00:26,29.67,33.699999999999996,2.4,1700.66,3,87,28,14,57,0.74
04/06/24 00:27,18.63,70,41.66,1640.76,0,28,81,97,86,0.98
04/06/24 00:28,28.76,48.8,2.72,400,2,80,97,20,36,0.95
04/06/24 00:29,27.33,47.910000000000004,15.86,653.97,3,70,38,26,65,0.73
04/06/24 00:30,25.9,66.03999999999999,14.28,1774.83,0,16,75,35,97,0.81
04/06/24 00:31,22.51,52.93,29.03,1514.74,4,27,95,44,43,0.67
04/06/24 00:32,26.62,42.08,47.9,1072.58,0,25,84,26,71,0.74
04/06/24 00:33,17.65,43.73,32.64,720.15,0,7,59,29,52,0.48
04/06/24 00:34,21.39,52.42,20.36,1350.21,5,86,11,56,42,0.71
04/06/24 00:35,20.53,36.39,5.95,1113.26,2,28,33,13,12,0.31
04/06/24 00:36,19.55,55.339999999999996,49.7,678.29,1,59,38,94,2,0.63
04/06/24 00:37,24.3,38.46,45.91,1772.86,1,8,86,7,81,0.68
04/06/24 00:38,28.37,69.99,34.34,1088.27,2,68,69,3,72,0.82
04/06/24 00:39,15.14,43.69,44.98,400,1,13,94,10,46,0.6
04/06/24 00:40,26.04,45.33,28.8,1743.29,0,25,72,0,70,0.61
04/06/24 00:41,25.34,57.03,7.42,723.14,0,46,8,68,59,0.62
04/06/24 00:42,27.68,60.83,9.26,465.43,0,33,32,84,20,0.55
04/06/24 00:43,18.71,41.39,24.6,1510.55,2,45,95,33,97,1.05
04/06/24 00:44,28.97,52.94,2.58,1219.47,2,62,30,90,26,0.68
04/06/24 00:45,15.31,57.64,0.36,1907.45,3,90,66,89,8,0.79
04/06/24 00:46,17.16,37.54,34.21,1393.46,1,35,20,63,16,0.43
04/06/24 00:47,28.98,69.05,48.64,717.73,2,4,49,41,40,0.39
04/06/24 00:48,24.47,70,18.01,1765.68,0,40,5,80,68,0.65
04/06/24 00:49,25.73,61.66,22.51,1316.45,1,41,48,28,38,0.52
04/06/24 00:50,28.92,59.370000000000005,42.87,840.95,2,40,78,53,93,0.91
04/06/24 00:51,18.29,55.08,44.02,1559.25,0,83,46,100,27,0.94
04/06/24 00:52,22.94,41.59,34.04,880.01,4,15,21,36,36,0.32
04/06/24 00:53,19.43,39.86,17.33,1895.22,2,4,95,21,29,0.47
04/06/24 00:54,28.4,42.88,28.08,1080.19,3,54,58,21,25,0.57
04/06/24 00:55,24.08,41.339999999999996,13.07,930.33,3,15,98,24,53,0.66
04/06/24 00:56,18.95,50.07,39.46,704.65,0,23,13,79,83,0.66
04/06/24 00:57,21.43,49.06,10.44,1758.81,0,7,34,26,48,0.41
04/06/24 00:58,21.97,45.17,25.67,1414.66,5,51,80,57,69,0.86
04/06/24 00:59,21.74,47.9,31.54,1169.17,2,78,45,99,46,0.84
04/06/24 01:00,17.82,70,5.69,866.82,4,68,37,82,66,0.92
04/06/24 01:01,26.0,69.05,34.36,799.6,4,94,93,70,5,0.98
04/06/24 01:02,22.24,48.809999999999995,7.05,1890.95,5,50,26,94,57,0.73
04/06/24 01:03,25.95,67.02000000000001,16.32,1854.1,3,77,74,90,32,0.98
04/06/24 01:04,19.24,55.72,49.83,790.98,2,19,13,30,49,0.4
04/06/24 01:05,16.93,41.03,20.62,1297.22,2,46,1,15,20,0.36
04/06/24 01:06,20.39,54.629999999999995,30.16,1340.24,4,47,14,73,93,0.76
04/06/24 01:07,16.1,57.83,41.34,1011.63,1,46,52,96,7,0.55
04/06/24 01:08,24.47,62.31,20.0,1674.83,0,46,42,26,35,0.52
04/06/24 01:09,17.7,48.09,26.84,1887.63,3,10,19,52,22,0.32
04/06/24 01:10,23.1,67.05,0.52,400,5,71,57,21,82,0.94
04/06/24 01:11,23.72,47.37,47.73,1698.63,2,18,76,14,3,0.36
04/06/24 01:12,25.53,44.91,33.5,1015.71,2,36,20,73,78,0.77
04/06/24 01:13,28.02,69.53999999999999,16.36,872.82,2,0,2,85,55,0.38
04/06/24 01:14,21.34,70,20.64,1526.66,2,25,87,93,11,0.63
04/06/24 01:15,19.38,52.89,21.22,825.9,5,82,91,85,46,1.03
04/06/24 01:16,20.54,62.76,35.43,798.69,3,60,30,36,17,0.5
04/06/24 01:17,27.83,70,47.39,652.34,5,69,16,93,40,0.68
04/06/24 01:18,24.59,32.1,31.41,1784.69,1,3,76,16,33,0.4
04/06/24 01:19,22.46,47.18,38.99,1644.82,2,3,55,56,49,0.5
04/06/24 01:20,28.36,38.050000000000004,17.11,1058.93,5,95,66,46,62,1.07
04/06/24 01:21,25.99,70,34.13,1060.31,0,17,17,4,71,0.41
04/06/24 01:22,28.48,43.13,42.19,748.21,5,52,24,77,41,0.68
04/06/24 01:23,25.61,39.17,24.98,1763.44,0,57,42,67,9,0.63
04/06/24 01:24,23.2,49.940000000000005,1.93,924.63,0,37,44,67,5,0.44
04/06/24 01:25,26.58,44.0,23.57,413.86,5,39,25,61,9,0.43
04/06/24 01:26,15.58,38.71,40.54,816.67,4,47,17,62,58,0.64
04/06/24 01:27,17.44,38.56,7.39,1908.55,4,90,94,81,5,0.87
04/06/24 01:28,23.17,70,21.8,1439.59,0,61,43,54,22,0.64
04/06/24 01:29,28.24,63.74,5.73,1142.55,2,36,96,51,1,0.62
04/06/24 01:30,23.66,51.260000000000005,33.75,706.01,5,30,21,92,25,0.54
04/06/24 01:31,23.07,39.699999999999996,15.67,1645.59,2,18,55,23,86,0.62
04/06/24 01:32,15.47,47.93,3.65,1426.62,3,99,8,43,96,1.06
04/06/24 01:33,17.15,43.64,13.73,820.86,2,4,15,50,75,0.45
04/06/24 01:34,23.95,40.339999999999996,37.19,400,1,93,8,18,10,0.57
04/06/24 01:35,20.73,68.67,34.62,1939.34,3,69,85,74,5,0.77
04/06/24 01:36,28.58,70,7.96,468.57000000000005,2,15,53,94,31,0.58
04/06/24 01:37,26.54,36.82,34.44,400,1,74,93,65,58,1.04
04/06/24 01:38,19.69,60.480000000000004,8.5,816.0,4,88,40,86,89,1.02
04/06/24 01:39,26.46,60.699999999999996,46.77,1960.58,4,34,34,24,16,0.41
04/06/24 01:40,17.42,41.15,2.47,766.77,4,24,76,18,27,0.54
04/06/24 01:41,17.6,55.099999999999994,7.8,1159.37,5,45,100,18,100,0.98
04/06/24 01:42,27.57,41.29,7.99,1787.25,5,86,36,36,5,0.67
04/06/24 01:43,27.96,68.03999999999999,8.56,943.41,5,57,10,61,50,0.65
04/06/24 01:44,22.13,55.45,25.66,1772.32,5,69,27,21,39,0.58
04/06/24 01:45,27.26,68.77,36.18,400,3,33,7,36,26,0.37
04/06/24 01:46,20.59,55.489999999999995,48.98,423.89,1,98,68,23,64,0.95
04/06/24 01:47,22.9,70,48.15,1124.41,0,25,25,74,39,0.55
04/06/24 01:48,17.71,70,5.28,697.91,3,23,37,83,65,0.65
04/06/24 01:49,26.71,70,35.78,1124.97,3,43,28,53,93,0.84
04/06/24 01:50,20.82,63.39,7.47,404.98,3,21,84,80,96,0.9
04/06/24 01:51,27.7,55.35,31.13,400,2,5,42,79,98,0.75
04/06/24 01:52,27.73,46.12,26.48,968.28,5,58,63,39,62,0.74
04/06/24 01:53,26.84,69.93,3.89,914.71,4,80,97,88,72,1.1
04/06/24 01:54,26.82,35.78,13.86,1435.02,3,53,92,16,47,0.8
04/06/24 01:55,27.22,69.69,35.85,1354.44,2,53,28,81,19,0.53
04/06/24 01:56,23.53,70,10.48,491.92999999999995,3,0,80,74,18,0.5
04/06/24 01:57,18.88,39.55,4.38,1654.83,1,91,11,70,5,0.61
04/06/24 01:58,19.03,53.01,13.07,400,5,74,100,80,73,1.19
04/06/24 01:59,22.04,46.82,30.12,1204.51,5,97,63,85,22,0.94
04/06/24 02:00,29.44,41.11,46.0,753.44,2,57,100,64,18,0.75
04/06/24 02:01,27.99,68.91,8.66,1288.51,3,41,17,100,20,0.54
04/06/24 02:02,25.45,70,17.9,1323.34,0,7,54,48,8,0.35
04/06/24 02:03,17.89,61.35,39.6,578.27,4,89,8,26,71,0.83
04/06/24 02:04,17.72,47.15,25.11,1383.69,3,51,30,55,90,0.8
04/06/24 02:05,15.02,62.58,17.81,586.0,4,43,45,25,3,0.39
04/06/24 02:06,19.14,34.16,18.54,1189.1,4,88,100,8,48,1.0
04/06/24 02:07,27.29,45.13,46.92,1468.96,1,18,89,97,77,0.79
04/06/24 02:08,28.58,63.2,32.07,1840.18,5,96,64,97,23,0.91
04/06/24 02:09,22.85,61.029999999999994,42.32,1307.12,4,86,71,43,26,0.75
04/06/24 02:10,16.73,62.3,17.19,1632.12,2,99,74,74,83,1.15
04/06/24 02:11,24.74,50.73,29.11,1330.06,2,11,67,5,34,0.41
04/06/24 02:12,22.55,54.81,37.95,1790.19,5,22,93,21,16,0.49
04/06/24 02:13,22.6,49.01,17.26,1888.88,3,79,86,64,53,1.04
04/06/24 02:14,20.76,70,34.05,1462.03,0,27,99,78,5,0.62
04/06/24 02:15,24.27,47.35,14.98,1699.88,3,54,70,100,69,0.94
04/06/24 02:16,17.12,49.309999999999995,22.74,1587.23,1,45,10,24,82,0.6
04/06/24 02:17,28.57,44.72,5.62,1726.52,5,25,59,100,84,0.8
04/06/24 02:18,20.57,40.84,38.69,483.26,4,37,77,63,16,0.61
04/06/24 02:19,22.76,42.41,29.83,928.95,0,56,14,33,23,0.46
04/06/24 02:20,18.71,34.14,38.38,400,3,31,11,26,94,0.56
04/06/24 02:21,20.11,58.35,43.87,1646.35,2,39,70,5,80,0.68
04/06/24 02:22,16.61,70,28.05,1112.93,0,45,65,80,64,0.88
04/06/24 02:23,23.41,59.77,24.41,1038.51,5,88,30,87,9,0.78
04/06/24 02:24,27.57,33.58,42.47,871.55,4,98,17,14,82,0.82
04/06/24 02:25,24.06,51.1,19.97,611.98,4,37,14,72,99,0.69
04/06/24 02:26,15.67,52.39,17.48,515.95,3,34,10,55,28,0.44
04/06/24 02:27,18.17,55.03,4.4,1186.22,4,39,94,49,23,0.65
04/06/24 02:28,20.43,69.3,1.29,1166.7,0,7,89,60,35,0.52
04/06/24 02:29,23.26,55.29,0.51,803.33,1,25,21,11,68,0.5
04/06/24 02:30,28.21,63.3,49.11,1036.5,0,59,10,15,15,0.42
04/06/24 02:31,20.04,70,24.85,1501.72,5,53,20,91,36,0.62
04/06/24 02:32,27.11,54.29,16.65,766.33,4,8,95,64,96,0.89
04/06/24 02:33,29.07,43.5,25.11,777.35,5,35,64,57,28,0.61
04/06/24 02:34,26.34,68.57000000000001,2.99,1292.89,4,10,25,7,76,0.4
04/06/24 02:35,29.26,67.84,9.51,1588.08,2,6,23,79,14,0.3
04/06/24 02:36,26.25,35.95,4.88,607.35,0,27,95,15,38,0.65
04/06/24 02:37,22.87,32.97,36.44,412.34000000000003,3,55,23,14,62,0.67
04/06/24 02:38,15.02,45.830000000000005,19.47,1700.07,5,10,69,92,30,0.57
04/06/24 02:39,18.19,63.35,32.42,1089.26,3,93,72,90,29,0.95
04/06/24 02:40,29.54,43.75,26.75,1731.88,5,88,73,11,92,1.11
04/06/24 02:41,27.96,70,2.25,491.57000000000005,3,11,99,55,25,0.56
04/06/24 02:42,16.57,54.48,11.37,959.27,1,68,49,85,100,1.13
04/06/24 02:43,17.65,57.9,18.1,592.66,0,5,9,65,36,0.31
04/06/24 02:44,16.87,66.05,2.99,1689.35,0,40,94,84,20,0.68
04/06/24 02:45,27.81,52.730000000000004,31.86,803.46,0,40,73,76,60,0.76
04/06/24 02:46,18.58,44.220000000000006,2.53,1251.98,3,19,32,2,19,0.29
04/06/24 02:47,22.3,49.18,30.29,1191.93,3,60,68,70,8,0.65
04/06/24 02:48,20.13,57.120000000000005,42.59,871.95,3,75,2,87,43,0.72
04/06/24 02:49,27.45,63.4,10.11,687.49,3,90,82,39,11,0.87
04/06/24 02:50,28.62,70,12.42,1915.23,1,91,18,84,34,0.85
04/06/24 02:51,19.75,33.57,31.66,1285.03,3,27,28,9,78,0.51
04/06/24 02:52,21.59,46.550000000000004,5.17,1765.49,2,50,85,31,2,0.56
04/06/24 02:53,24.98,59.71,5.94,1918.4,4,99,19,96,23,0.87
04/06/24 02:54,15.24,49.339999999999996,40.88,1959.35,0,94,27,28,10,0.71
04/06/24 02:55,15.49,68.53,7.74,1845.4,3,4,72,75,18,0.48
04/06/24 02:56,17.77,47.63,39.93,1669.46,0,94,16,25,68,0.76
04/06/24 02:57,22.27,52.49,6.38,1659.18,5,21,93,84,17,0.56
04/06/24 02:58,21.94,45.99,46.59,1848.71,4,30,27,85,80,0.75
04/06/24 02:59,17.44,49.029999999999994,2.47,1153.37,0,63,22,13,3,0.46
04/06/24 03:00,23.48,35.559999999999995,27.94,1580.97,4,31,54,28,74,0.62
04/06/24 03:01,16.89,44.870000000000005,16.59,1864.14,0,10,24,88,39,0.49
04/06/24 03:02,26.73,53.33,0.88,1502.96,4,20,53,59,55,0.65
04/06/24 03:03,17.16,35.53,37.85,965.8199999999999,5,22,57,42,69,0.63
04/06/24 03:04,20.36,50.39,36.03,902.38,2,25,72,21,54,0.57
04/06/24 03:05,16.6,54.78,31.05,1487.27,3,60,41,69,19,0.68
04/06/24 03:06,22.83,59.12,48.77,528.06,0,9,26,35,34,0.35
04/06/24 03:07,28.79,70,47.96,1791.17,5,68,35,9,84,0.81
04/06/24 03:08,28.08,66.73,37.19,523.56,3,99,57,31,10,0.84
04/06/24 03:09,27.78,44.699999999999996,15.6,1147.27,2,12,29,18,44,0.35
04/06/24 03:10,19.97,64.18,28.29,470.08,0,100,96,50,1,0.86
04/06/24 03:11,17.06,70,28.24,721.68,2,28,10,98,41,0.51
04/06/24 03:12,22.01,61.35,7.59,663.12,0,10,41,82,93,0.65
04/06/24 03:13,21.88,36.129999999999995,8.73,1519.38,0,95,52,14,20,0.8
04/06/24 03:14,29.02,37.44,34.88,539.83,5,7,95,56,13,0.48
04/06/24 03:15,23.06,55.14,19.8,400,2,50,78,93,80,1.04
04/06/24 03:16,17.58,70,1.37,897.21,4,35,93,90,11,0.64
04/06/24 03:17,21.35,56.519999999999996,24.88,1460.08,0,42,1,44,20,0.4
04/06/24 03:18,28.25,41.54,0.65,602.76,3,58,4,20,24,0.44
04/06/24 03:19,20.15,66.53,7.57,588.46,5,25,90,28,11,0.51
04/06/24 03:20,26.55,42.870000000000005,48.09,1099.01,1,35,93,51,35,0.75
04/06/24 03:21,28.78,70,30.58,1454.3,0,38,54,97,24,0.61
04/06/24 03:22,18.58,34.52,3.76,1522.35,3,41,88,26,22,0.58
04/06/24 03:23,22.94,70,13.74,789.49,2,23,99,43,45,0.74
04/06/24 03:24,15.87,46.96,42.79,1158.44,3,22,89,30,3,0.48
04/06/24 03:25,27.83,62.34,43.76,786.85,0,66,57,53,38,0.83
04/06/24 03:26,24.18,45.94,19.75,1626.74,3,48,6,25,85,0.63
04/06/24 03:27,18.58,38.96,46.03,1431.79,2,1,51,11,96,0.54
04/06/24 03:28,25.02,68.48,5.46,554.42,1,76,24,47,16,0.6
04/06/24 03:29,28.06,35.18,10.72,1171.01,5,95,82,9,81,1.12
04/06/24 03:30,20.34,37.59,36.32,466.22,2,54,75,0,53,0.7
04/06/24 03:31,27.76,60.230000000000004,38.58,1314.95,0,89,45,68,90,1.05
04/06/24 03:32,22.93,62.05,7.19,1293.19,2,6,19,100,61,0.48
04/06/24 03:33,25.92,36.550000000000004,48.27,959.78,0,26,93,57,32,0.64
04/06/24 03:34,23.02,44.08,36.1,640.44,4,75,20,0,3,0.48
04/06/24 03:35,17.32,70,28.1,1270.79,2,67,65,47,96,1.05
04/06/24 03:36,21.81,36.12,40.47,1592.29,2,65,25,10,86,0.81
04/06/24 03:37,29.21,40.57,3.14,1342.61,1,35,60,91,80,0.91
04/06/24 03:38,24.22,43.89,46.75,1461.21,0,91,34,51,81,1.05
04/06/24 03:39,26.24,66.48,13.92,637.23,0,41,58,96,20,0.69
04/06/24 03:40,20.46,70,8.28,687.24,1,51,32,80,66,0.74
04/06/24 03:41,23.94,59.52,32.35,579.01,2,30,40,87,71,0.67
04/06/24 03:42,18.28,63.25,15.61,400,3,60,79,10,89,0.82
04/06/24 03:43,24.77,54.47,47.09,875.39,5,25,88,55,36,0.59
04/06/24 03:44,16.29,48.74,33.55,695.37,4,47,63,55,19,0.62
04/06/24 03:45,21.97,64.95,36.97,967.31,3,46,58,49,79,0.74
04/06/24 03:46,23.2,57.96,2.6,1752.08,3,36,17,67,60,0.57
04/06/24 03:47,19.23,54.839999999999996,28.86,748.0,3,58,32,89,22,0.65
04/06/24 03:48,27.75,32.480000000000004,44.96,820.67,1,83,47,7,76,0.96
04/06/24 03:49,28.13,49.400000000000006,29.42,1478.57,0,76,14,98,63,0.88
04/06/24 03:50,26.94,56.080000000000005,32.74,1074.99,3,34,67,47,64,0.69
04/06/24 03:51,17.62,61.29,39.09,1445.43,5,47,27,36,92,0.72
04/06/24 03:52,27.43,47.97,42.99,1833.05,2,85,71,70,24,0.86
04/06/24 03:53,15.24,66.23,8.89,860.6,2,8,87,10,71,0.57
04/06/24 03:54,19.93,70,2.02,1430.77,4,12,4,80,9,0.29
04/06/24 03:55,27.68,61.7,27.36,1262.03,0,27,53,93,39,0.69
04/06/24 03:56,21.35,63.59,37.68,1217.41,2,85,12,15,62,0.72
04/06/24 03:57,26.44,50.190000000000005,21.52,1853.19,4,96,4,12,40,0.71
04/06/24 03:58,24.96,60.620000000000005,31.52,1193.26,1,60,91,46,82,0.91
04/06/24 03:59,23.36,38.94,31.0,522.47,0,16,13,63,80,0.52
04/06/24 04:00,26.32,70,46.79,646.35,3,42,75,87,92,1.07
04/06/24 04:01,19.67,42.72,22.97,400,5,86,96,39,97,1.11
04/06/24 04:02,17.09,32.6,17.97,1700.87,0,100,74,11,77,1.02
04/06/24 04:03,29.15,57.14,12.25,1557.36,3,49,10,16,87,0.71
04/06/24 04:04,21.58,38.92,31.68,1928.99,5,36,90,60,4,0.62
04/06/24 04:05,24.99,36.529999999999994,15.53,663.01,3,55,6,8,38,0.49
04/06/24 04:06,25.59,39.92,5.72,400,2,42,96,76,99,1.14
04/06/24 04:07,22.5,32.37,29.77,842.17,2,12,35,19,63,0.45
04/06/24 04:08,29.53,68.87,45.7,548.39,4,26,46,98,19,0.58
04/06/24 04:09,16.44,48.099999999999994,36.75,693.82,1,1,32,88,71,0.51
04/06/24 04:10,16.92,62.080000000000005,38.96,1130.41,0,26,8,82,51,0.53
04/06/24 04:11,22.67,54.68000000000001,42.34,1857.03,3,37,85,58,31,0.68
04/06/24 04:12,21.69,52.800000000000004,41.35,400,3,78,100,52,92,1.16
04/06/24 04:13,21.04,53.75,8.79,539.19,3,93,88,89,3,0.88
04/06/24 04:14,25.08,36.57,0.7,645.82,2,33,3,9,25,0.28
04/06/24 04:15,29.7,70,35.98,1363.53,2,52,5,41,32,0.51
04/06/24 04:16,16.05,43.660000000000004,43.58,1880.78,5,81,79,36,31,0.84
04/06/24 04:17,17.61,43.08,35.68,904.26,0,66,76,96,33,0.88
04/06/24 04:18,28.4,35.510000000000005,28.35,477.23,0,66,47,32,17,0.58
04/06/24 04:19,18.93,34.53,19.58,759.3,0,38,72,19,91,0.75
04/06/24 04:20,15.44,48.37,39.88,973.72,4,74,20,19,96,0.89
04/06/24 04:21,19.17,50.66,44.26,541.6,1,78,56,60,49,0.89
04/06/24 04:22,29.9,43.86,35.1,400,5,51,37,27,83,0.7
04/06/24 04:23,16.94,39.160000000000004,49.72,1312.84,0,100,5,37,7,0.67
04/06/24 04:24,28.2,44.980000000000004,46.47,1320.83,4,72,23,56,7,0.57
04/06/24 04:25,18.87,70,11.34,938.45,5,66,73,94,40,0.81
04/06/24 04:26,20.9,47.559999999999995,9.93,1846.05,5,6,2,28,88,0.43
04/06/24 04:27,24.79,47.64,0.13,949.9,0,55,68,32,8,0.61
04/06/24 04:28,19.1,41.86,48.84,1057.94,5,24,19,33,3,0.27
04/06/24 04:29,24.61,42.730000000000004,6.82,1640.67,1,73,90,97,79,1.24
04/06/24 04:30,16.85,36.959999999999994,8.24,893.06,1,53,3,43,96,0.75
04/06/24 04:31,28.07,37.059999999999995,41.24,1390.21,0,38,28,33,73,0.59
04/06/24 04:32,16.98,34.65,38.68,1623.54,5,99,8,6,20,0.63
04/06/24 04:33,26.57,42.65,36.96,418.94000000000005,4,3,29,76,57,0.49
04/06/24 04:34,17.86,58.8,42.06,723.27,0,81,43,13,18,0.68
04/06/24 04:35,15.34,53.39,30.15,515.76,0,85,90,55,79,1.14
04/06/24 04:36,25.7,62.95,20.66,1278.68,1,59,78,58,80,1.04
04/06/24 04:37,26.48,52.16,26.12,1753.09,5,22,28,33,48,0.45
04/06/24 04:38,15.41,39.49,26.54,582.44,0,48,93,46,36,0.74
04/06/24 04:39,21.44,63.79,23.45,1615.14,0,25,17,69,54,0.55
04/06/24 04:40,20.25,70,25.52,919.97,0,84,37,57,43,0.75
04/06/24 04:41,27.46,60.02,12.09,1523.33,4,46,98,21,73,0.92
04/06/24 04:42,25.25,52.73,20.12,565.07,4,9,38,64,81,0.64
04/06/24 04:43,19.7,42.19,10.0,863.53,5,14,48,95,20,0.5
04/06/24 04:44,29.2,70,36.64,1242.03,5,55,84,45,90,0.94
04/06/24 04:45,15.71,70,11.52,591.96,5,79,5,82,50,0.74
04/06/24 04:46,27.15,67.35000000000001,24.1,1571.98,5,14,46,19,91,0.56
04/06/24 04:47,17.12,61.32,44.47,1864.95,2,46,74,41,56,0.76
04/06/24 04:48,17.01,70,5.8,1534.94,0,12,91,88,62,0.73
04/06/24 04:49,17.52,59.75,23.39,490.05999999999995,0,48,73,91,27,0.8
04/06/24 04:50,25.05,56.86,30.91,1766.83,5,80,38,8,13,0.61
04/06/24 04:51,16.28,52.31,7.22,1388.08,2,92,55,46,63,0.91
04/06/24 04:52,19.57,45.57,17.4,1130.8,5,56,19,92,55,0.8
04/06/24 04:53,24.67,55.69,13.6,1405.46,1,64,27,24,66,0.78
04/06/24 04:54,24.67,69.45,40.96,1745.02,4,0,10,4,58,0.28
04/06/24 04:55,29.66,70,32.78,1408.54,5,66,38,69,39,0.8
04/06/24 04:56,21.12,38.35,47.76,1298.38,5,90,29,81,26,0.8
04/06/24 04:57,24.09,70,18.98,1209.3,0,14,75,90,99,0.93
04/06/24 04:58,23.5,46.449999999999996,6.99,1156.29,0,88,73,54,63,0.94
04/06/24 04:59,29.41,31.770000000000003,33.84,1281.1,2,67,37,1,100,0.9
04/06/24 05:00,15.8,68.38,38.64,1134.12,3,13,5,53,10,0.24
04/06/24 05:01,15.34,37.62,24.69,1659.72,2,43,62,20,31,0.59
04/06/24 05:02,23.88,48.39,7.85,1035.95,4,36,98,31,66,0.72
04/06/24 05:03,19.59,54.81,44.75,1670.4,3,5,19,95,66,0.58
04/06/24 05:04,20.43,46.18,15.75,779.25,5,14,45,40,49,0.47
04/06/24 05:05,25.22,65.13,27.56,644.72,0,23,1,29,3,0.18
04/06/24 05:06,22.68,44.17,33.26,1738.92,0,62,6,97,54,0.7
04/06/24 05:07,22.83,65.78999999999999,36.63,1254.89,0,71,94,100,16,0.86
04/06/24 05:08,15.95,70,22.47,1184.96,2,31,10,80,31,0.5
04/06/24 05:09,24.69,38.23,5.66,430.86,1,45,93,30,70,0.91
04/06/24 05:10,23.26,63.71,20.61,835.12,5,52,53,29,51,0.74
04/06/24 05:11,22.65,41.98,37.67,1195.78,0,6,29,50,68,0.5
04/06/24 05:12,16.97,47.67,24.14,1753.15,3,3,0,10,85,0.35
04/06/24 05:13,18.85,41.11,32.51,1204.71,1,47,19,47,80,0.66
04/06/24 05:14,17.75,50.4,16.97,926.6500000000001,5,15,76,100,85,0.81
04/06/24 05:15,19.08,61.269999999999996,40.08,546.22,2,83,39,83,35,0.8
04/06/24 05:16,19.72,70,47.8,528.8,3,24,64,71,58,0.63
04/06/24 05:17,28.09,50.21,0.75,966.8599999999999,2,22,25,4,90,0.55
04/06/24 05:18,26.12,36.690000000000005,49.08,1016.8199999999999,2,45,14,7,25,0.38
04/06/24 05:19,27.47,42.18000000000001,41.95,1109.08,5,56,93,48,97,1.11
04/06/24 05:20,24.08,38.32,36.51,810.09,2,39,1,57,19,0.4
04/06/24 05:21,23.41,43.64,5.02,1287.45,5,49,20,12,34,0.5
04/06/24 05:22,27.13,55.72,16.69,1949.83,0,62,12,9,17,0.44
04/06/24 05:23,21.29,61.96,5.45,1002.1300000000001,5,36,24,65,91,0.73
04/06/24 05:24,28.46,35.26,7.41,1076.6,0,57,94,6,81,0.87
04/06/24 05:25,24.81,59.25,27.96,1306.29,1,28,37,65,34,0.51
04/06/24 05:26,15.15,54.11,5.15,1092.13,1,33,5,40,14,0.3
04/06/24 05:27,25.25,64.12,7.78,400,0,92,45,53,58,0.91
04/06/24 05:28,15.35,43.12,39.03,400,0,84,78,10,80,0.94
04/06/24 05:29,17.47,69.9,23.5,517.9300000000001,5,7,37,49,9,0.27
04/06/24 05:30,25.27,56.01,19.59,651.95,5,47,19,0,7,0.32
04/06/24 05:31,27.65,54.21,32.8,1643.15,3,60,48,49,85,0.88
04/06/24 05:32,26.79,39.61,48.02,485.65,4,47,36,15,95,0.74
04/06/24 05:33,16.01,43.67,2.16,616.07,2,36,81,16,92,0.78
04/06/24 05:34,28.13,57.040000000000006,23.4,1197.22,5,49,63,22,36,0.63
04/06/24 05:35,29.14,63.489999999999995,24.44,1867.72,4,34,81,48,32,0.6
04/06/24 05:36,21.17,69.1,46.42,400,3,12,32,72,46,0.44
04/06/24 05:37,28.61,60.68,38.92,1250.4,5,33,73,46,54,0.67
04/06/24 05:38,26.24,33.09,0.95,1009.8599999999999,5,78,12,5,72,0.66
04/06/24 05:39,20.98,37.19,39.23,1619.7,2,19,70,39,94,0.72
04/06/24 05:40,23.87,52.449999999999996,10.98,943.8599999999999,2,75,54,69,98,1.02
04/06/24 05:41,20.74,45.879999999999995,11.7,1723.22,4,67,28,89,32,0.72
04/06/24 05:42,28.26,62.85,46.99,1519.05,2,43,59,87,65,0.81
04/06/24 05:43,29.4,70,46.3,874.6,0,80,4,94,64,0.83
04/06/24 05:44,28.23,34.34,6.86,1480.23,5,61,38,17,10,0.51
04/06/24 05:45,26.16,41.86,8.92,1960.63,1,72,11,60,17,0.56
04/06/24 05:46,22.31,65.24,13.63,401.01,2,68,34,37,39,0.64
04/06/24 05:47,26.72,43.68,31.23,876.61,3,80,49,36,14,0.67
04/06/24 05:48,28.29,55.190000000000005,31.95,1326.24,0,59,30,12,59,0.66
04/06/24 05:49,27.75,62.42,19.16,684.4,4,79,17,67,64,0.76
04/06/24 05:50,17.26,54.24,29.08,516.45,4,13,0,17,51,0.29
04/06/24 05:51,29.72,46.06,13.07,1178.47,5,39,50,62,84,0.84
04/06/24 05:52,15.6,63.68000000000001,15.18,625.94,4,16,25,88,83,0.6
04/06/24 05:53,29.08,56.36,39.65,1299.68,3,33,68,81,79,0.86
04/06/24 05:54,23.17,58.16,9.18,1151.66,4,8,16,34,35,0.28
04/06/24 05:55,21.11,58.13,0.73,1760.02,1,72,76,12,31,0.77
04/06/24 05:56,18.35,62.339999999999996,21.26,1608.44,3,3,63,54,59,0.6
04/06/24 05:57,16.17,50.2,48.13,795.61,2,51,41,81,33,0.61
04/06/24 05:58,25.6,40.12,4.29,1035.08,3,25,10,5,66,0.44
04/06/24 05:59,21.15,56.14,2.9,1196.07,4,12,64,71,99,0.85
04/06/24 06:00,26.55,40.540000000000006,442.04,729.67,8,2,63,57,41,0.52
04/06/24 06:01,24.74,44.38,698.28,1117.9,12,36,60,45,52,0.72
04/06/24 06:02,25.32,45.84,92.69,1573.08,31,57,63,67,10,0.61
04/06/24 06:03,22.31,47.46,482.72,825.95,18,23,14,89,74,0.61
04/06/24 06:04,26.57,70,177.91,1738.36,24,25,22,33,82,0.53
04/06/24 06:05,19.17,50.01,819.65,1587.86,2,45,4,61,96,0.69
04/06/24 06:06,18.73,69.06,482.48,1583.53,35,82,94,81,30,1.0
04/06/24 06:07,22.61,67.08,919.82,1107.31,16,57,53,83,14,0.66
04/06/24 06:08,25.9,53.720000000000006,512.88,1202.0,10,45,30,27,74,0.6
04/06/24 06:09,24.74,57.57,377.58,1591.08,5,3,48,97,3,0.38
04/06/24 06:10,26.81,52.34,410.87,946.5699999999999,0,17,47,36,84,0.68
04/06/24 06:11,19.33,46.34,418.66,566.83,26,43,16,67,44,0.62
04/06/24 06:12,20.46,60.86,546.56,1508.86,18,20,25,48,78,0.56
04/06/24 06:13,26.49,40.699999999999996,429.69,1605.19,28,32,62,69,18,0.54
04/06/24 06:14,29.36,54.86,163.82,1890.21,17,22,82,52,53,0.65
04/06/24 06:15,26.44,39.089999999999996,433.55,1406.51,28,6,22,28,42,0.31
04/06/24 06:16,21.37,70,152.57,758.71,35,91,94,94,85,1.3
04/06/24 06:17,16.59,33.57,472.83,582.13,38,16,16,21,6,0.19
04/06/24 06:18,28.65,56.03,126.89,1167.78,40,24,62,84,79,0.81
04/06/24 06:19,28.11,55.400000000000006,324.94,1898.27,18,70,66,97,7,0.78
04/06/24 06:20,25.23,70,500.24,945.22,38,64,68,68,98,1.03
04/06/24 06:21,15.41,45.55,539.0,1235.26,38,42,36,69,20,0.5
04/06/24 06:22,26.14,44.629999999999995,751.59,1064.05,12,15,27,48,67,0.47
04/06/24 06:23,25.19,70,581.21,1508.96,13,88,33,54,7,0.74
04/06/24 06:24,16.25,38.56,697.39,1753.98,32,60,91,51,33,0.89
04/06/24 06:25,25.66,70,110.57,1849.8,19,21,78,87,20,0.63
04/06/24 06:26,15.49,50.120000000000005,526.61,1317.77,34,25,86,68,75,0.76
04/06/24 06:27,25.41,57.91,549.3,2000,34,67,91,69,8,0.8
04/06/24 06:28,26.82,43.07,626.52,1185.4,2,55,44,99,4,0.59
04/06/24 06:29,25.11,64.07,406.5,1453.16,22,23,12,30,54,0.4
04/06/24 06:30,21.36,70,307.53,1868.32,36,65,53,42,29,0.73
04/06/24 06:31,17.22,39.98,781.83,1634.39,36,77,53,50,8,0.73
04/06/24 06:32,17.86,44.28,261.07,742.03,37,56,75,11,63,0.74
04/06/24 06:33,26.62,64.36,931.29,1743.77,17,13,13,71,26,0.35
04/06/24 06:34,23.96,59.41,784.15,1797.39,5,82,3,58,25,0.58
04/06/24 06:35,16.1,43.81,53.87,1440.48,14,12,78,32,42,0.53
04/06/24 06:36,19.8,40.09,72.17,542.23,10,40,15,21,64,0.53
04/06/24 06:37,28.66,39.14,742.44,1095.01,36,96,42,39,40,0.88
04/06/24 06:38,17.06,70,872.32,1699.61,28,24,84,26,87,0.7
04/06/24 06:39,23.8,70,98.25,665.82,34,97,14,72,16,0.77
04/06/24 06:40,27.3,70,445.49,1886.47,4,49,98,33,12,0.65
04/06/24 06:41,28.19,52.41,915.58,1853.78,22,20,59,23,35,0.42
04/06/24 06:42,15.46,38.28,211.16,807.69,5,53,73,73,88,1.01
04/06/24 06:43,20.47,46.51,825.89,422.49,16,78,39,60,39,0.72
04/06/24 06:44,15.98,42.0,971.76,1880.78,16,94,21,97,39,0.89
04/06/24 06:45,22.15,39.57,37.66,2000,22,43,79,67,21,0.74
04/06/24 06:46,19.58,46.26,961.94,1021.72,33,35,61,69,88,0.78
04/06/24 06:47,18.98,44.43,204.47,945.75,15,88,31,0,69,0.73
04/06/24 06:48,27.09,69.44,318.3,1541.91,12,84,1,17,26,0.54
04/06/24 06:49,26.65,63.64,262.63,945.54,18,71,15,83,4,0.55
04/06/24 06:50,26.4,69.28,774.65,1029.1799999999998,32,13,79,15,24,0.46
04/06/24 06:51,17.82,70,114.03,1424.3,24,59,67,90,31,0.76
04/06/24 06:52,22.42,50.24,642.7,2000,39,31,34,42,76,0.59
04/06/24 06:53,18.68,40.12,148.3,478.89,24,20,12,89,45,0.5
04/06/24 06:54,16.19,68.97,382.24,1686.92,40,95,58,86,91,1.29
04/06/24 06:55,28.02,55.87,23.42,1605.67,25,6,14,43,34,0.31
04/06/24 06:56,19.55,34.19,421.24,1781.72,14,28,78,38,20,0.52
04/06/24 06:57,29.0,70,188.33,1764.63,4,27,78,40,52,0.63
04/06/24 06:58,19.43,70,678.6,700.17,40,80,28,73,22,0.69
04/06/24 06:59,25.94,70,629.52,1964.76,22,52,40,83,45,0.69
04/06/24 07:00,19.57,34.53,276.68,1130.16,35,87,26,34,76,0.93
04/06/24 07:01,20.86,43.690000000000005,805.03,1500.51,26,6,15,57,80,0.5
04/06/24 07:02,28.51,70,821.14,1294.58,2,51,89,78,51,0.9
04/06/24 07:03,16.3,54.419999999999995,12.27,507.97,3,100,96,3,29,0.86
04/06/24 07:04,27.5,55.7,523.67,495.40999999999997,16,73,46,30,53,0.72
04/06/24 07:05,21.76,70,382.57,1897.55,25,75,79,96,17,0.79
04/06/24 07:06,18.11,70,880.69,1151.67,5,99,51,39,9,0.8
04/06/24 07:07,15.46,42.05,97.51,1238.91,13,53,32,94,74,0.84
04/06/24 07:08,23.32,58.31,606.8,1754.49,18,75,24,21,27,0.62
04/06/24 07:09,19.32,44.67,502.34,1879.26,30,58,40,32,77,0.77
04/06/24 07:10,15.03,61.79,639.08,1803.29,22,99,43,18,66,1.01
04/06/24 07:11,19.2,60.84,970.88,1095.87,22,30,41,90,19,0.52
04/06/24 07:12,26.48,60.08,537.9,1087.97,9,66,20,11,41,0.55
04/06/24 07:13,17.97,60.56,2.5,578.4300000000001,25,67,5,22,10,0.39
04/06/24 07:14,19.06,46.78,505.22,410.44000000000005,4,84,15,41,84,0.96
04/06/24 07:15,20.59,60.25,453.1,624.07,12,5,75,57,27,0.45
04/06/24 07:16,21.15,67.46000000000001,78.63,1861.41,33,99,38,22,35,0.8
04/06/24 07:17,19.45,56.72,409.33,1628.25,4,34,77,91,92,1.04
04/06/24 07:18,25.25,44.34,227.73,1489.41,30,62,44,71,6,0.58
04/06/24 07:19,20.95,64.7,672.17,1977.96,35,49,23,44,95,0.81
04/06/24 07:20,24.65,35.79,76.42,481.12,31,38,50,49,82,0.7
04/06/24 07:21,19.92,67.19,578.05,400,26,62,89,88,95,1.11
04/06/24 07:22,20.49,34.5,639.32,972.71,27,73,53,17,70,0.86
04/06/24 07:23,25.11,47.71,898.9,1550.77,16,43,32,41,34,0.53
04/06/24 07:24,21.3,63.489999999999995,699.79,473.35,14,6,43,3,21,0.26
04/06/24 07:25,26.62,39.79,709.19,1418.35,19,87,9,74,97,1.09
04/06/24 07:26,19.83,61.88,706.29,1089.79,1,75,87,17,95,1.08
04/06/24 07:27,19.62,70,485.65,1589.48,37,23,98,32,28,0.64
04/06/24 07:28,24.83,65.56,175.1,1213.88,18,19,38,68,100,0.7
04/06/24 07:29,17.57,57.82,963.73,1893.58,33,67,22,43,10,0.53
04/06/24 07:30,23.13,59.28,625.54,1233.31,7,39,44,37,61,0.69
04/06/24 07:31,22.86,39.98,929.29,1373.48,30,93,5,69,96,0.94
04/06/24 07:32,20.92,42.15,224.57,600.55,33,82,79,13,60,0.9
04/06/24 07:33,15.03,52.39,698.8,1790.59,33,81,25,94,10,0.72
04/06/24 07:34,18.04,65.37,116.12,1459.87,14,7,37,79,39,0.43
04/06/24 07:35,26.69,58.690000000000005,342.37,574.76,18,89,61,67,67,1.02
04/06/24 07:36,19.6,70,341.55,835.06,0,55,27,96,69,0.8
04/06/24 07:37,21.16,39.73,419.47,2000,24,14,44,25,21,0.34
04/06/24 07:38,15.33,37.0,713.55,503.15,33,86,46,53,78,0.96
04/06/24 07:39,18.07,69.12,371.96,1426.08,39,83,55,83,28,0.81
04/06/24 07:40,19.37,70,418.55,1179.12,23,75,38,37,92,0.97
04/06/24 07:41,16.19,43.68,123.36,1124.63,27,45,43,84,42,0.73
04/06/24 07:42,24.86,53.73,846.11,1682.61,2,48,48,44,75,0.73
04/06/24 07:43,17.65,67.49,862.3,1764.98,5,58,47,48,66,0.81
04/06/24 07:44,29.21,55.61,520.05,1691.12,40,86,18,96,88,0.94
04/06/24 07:45,19.92,34.46,268.52,1947.67,14,72,40,42,19,0.58
04/06/24 07:46,17.49,58.17,349.98,975.81,13,76,7,42,31,0.57
04/06/24 07:47,25.32,45.18,65.74,1317.9,3,94,36,12,7,0.6
04/06/24 07:48,27.1,59.76,545.46,861.84,28,56,60,99,52,0.8
04/06/24 07:49,15.86,48.339999999999996,474.08,462.40999999999997,6,61,9,84,58,0.8
04/06/24 07:50,25.93,62.16,676.77,1435.34,21,38,76,34,48,0.71
04/06/24 07:51,23.1,70,78.79,1333.02,38,32,53,98,54,0.76
04/06/24 07:52,22.34,42.77,682.62,1046.63,1,6,98,45,63,0.69
04/06/24 07:53,16.89,50.54,151.76,682.75,1,92,49,60,46,0.9
04/06/24 07:54,29.8,46.02,988.03,741.31,8,97,83,71,89,1.33
04/06/24 07:55,18.0,63.71,63.31,1200.37,40,25,89,0,58,0.64
04/06/24 07:56,19.87,35.080000000000005,896.95,1030.83,30,87,78,2,84,1.0
04/06/24 07:57,24.17,39.5,857.2,1012.78,0,39,14,94,53,0.64
04/06/24 07:58,18.8,32.78,521.17,530.11,23,14,64,8,68,0.55
04/06/24 07:59,19.6,52.519999999999996,426.61,1566.37,31,21,71,3,88,0.67
04/06/24 08:00,17.08,46.169999999999995,999.02,1576.03,25,28,69,43,13,0.47
04/06/24 08:01,24.8,50.25,7.24,1937.27,31,40,14,81,67,0.7
04/06/24 08:02,15.53,35.27,416.19,921.54,17,5,49,25,42,0.36
04/06/24 08:03,21.76,48.3,895.46,1788.43,21,89,82,8,9,0.77
04/06/24 08:04,23.97,52.71,349.25,980.58,31,50,61,49,28,0.69
04/06/24 08:05,21.08,45.37,84.88,718.37,36,20,39,28,27,0.42
04/06/24 08:06,21.23,65.55,265.22,1743.72,5,69,86,83,5,0.85
04/06/24 08:07,24.02,50.53,47.3,1337.96,26,34,65,6,81,0.7
04/06/24 08:08,15.94,62.75,859.42,1089.5700000000002,29,10,91,47,36,0.52
04/06/24 08:09,15.71,39.18,298.07,1077.62,21,87,93,57,74,1.21
04/06/24 08:10,23.69,34.47,804.0,751.02,35,31,7,0,60,0.43
04/06/24 08:11,25.57,35.64,796.73,2000,38,35,42,1,75,0.62
04/06/24 08:12,24.31,44.44,858.97,400,6,34,8,15,73,0.56
04/06/24 08:13,23.86,68.03,120.54,926.8,14,77,82,14,67,0.93
04/06/24 08:14,18.83,32.410000000000004,275.95,1575.19,37,74,98,22,6,0.68
04/06/24 08:15,18.9,70,972.68,1502.42,0,74,1,46,87,0.74
04/06/24 08:16,15.16,49.5,66.72,1126.59,4,79,25,52,13,0.68
04/06/24 08:17,17.55,61.2,352.54,1781.46,27,31,71,86,91,0.85
04/06/24 08:18,25.79,52.04,311.4,688.61,2,23,32,81,63,0.64
04/06/24 08:19,29.67,65.57000000000001,271.4,1314.1,18,88,33,23,78,0.95
04/06/24 08:20,19.52,47.64,697.36,776.83,39,59,63,48,56,0.82
04/06/24 08:21,21.2,70,913.17,1527.05,24,6,6,70,34,0.32
04/06/24 08:22,17.09,45.47,923.61,1666.67,17,36,86,40,58,0.82
04/06/24 08:23,22.44,64.7,444.57,1116.69,35,100,30,12,7,0.59
04/06/24 08:24,21.18,61.93,512.92,1584.37,20,99,100,70,3,0.96
04/06/24 08:25,18.13,39.61,443.15,759.89,33,85,91,72,32,0.97
04/06/24 08:26,22.72,66.21,156.04,852.36,23,14,94,73,100,0.94
04/06/24 08:27,19.71,53.83,160.46,1719.18,37,69,91,20,32,0.74
04/06/24 08:28,21.61,68.44,337.58,1981.77,29,31,8,49,49,0.48
04/06/24 08:29,25.37,70,908.42,1182.51,25,68,46,13,75,0.74
04/06/24 08:30,27.65,57.76,691.2,1276.25,17,47,8,69,66,0.71
04/06/24 08:31,19.84,52.769999999999996,373.46,1765.14,39,88,26,78,13,0.73
04/06/24 08:32,28.21,47.31,479.72,762.43,5,100,15,67,48,0.9
04/06/24 08:33,20.56,57.980000000000004,652.06,698.09,26,28,57,53,12,0.44
04/06/24 08:34,19.25,70,954.55,1685.23,8,2,59,78,0,0.36
04/06/24 08:35,23.74,47.45,151.95,1329.95,8,74,23,95,33,0.8
04/06/24 08:36,25.05,54.31,168.7,858.14,7,59,79,36,48,0.77
04/06/24 08:37,17.33,67.38,254.5,667.1,18,63,66,95,73,0.97
04/06/24 08:38,17.94,70,17.54,1104.05,14,43,15,82,71,0.66
04/06/24 08:39,25.48,54.12,261.24,1699.93,10,63,30,70,87,0.91
04/06/24 08:40,17.39,60.67,819.15,1412.56,29,13,0,82,58,0.5
04/06/24 08:41,18.83,47.22,719.62,1667.43,20,87,92,34,58,0.97
04/06/24 08:42,27.74,41.49,314.51,400,1,51,42,96,59,0.74
04/06/24 08:43,18.47,47.68,621.54,704.93,34,4,41,92,4,0.37
04/06/24 08:44,16.83,47.63,434.74,551.68,22,28,72,55,56,0.65
04/06/24 08:45,29.33,50.72,568.98,1608.07,12,22,66,36,77,0.69
04/06/24 08:46,25.48,33.29,821.97,535.44,12,25,24,15,58,0.5
04/06/24 08:47,29.87,56.910000000000004,269.9,2000,28,45,10,37,8,0.36
04/06/24 08:48,17.48,70,3.36,857.82,28,45,42,29,9,0.44
04/06/24 08:49,23.25,60.96,713.92,1769.28,31,97,43,97,27,0.83
04/06/24 08:50,20.04,61.34,59.69,1843.16,1,2,87,75,13,0.45
04/06/24 08:51,23.77,70,754.46,1753.75,40,76,6,41,55,0.74
04/06/24 08:52,23.9,44.48,487.95,940.19,3,24,80,74,31,0.69
04/06/24 08:53,27.77,53.309999999999995,953.53,1132.99,30,41,17,38,65,0.55
04/06/24 08:54,24.48,70,370.25,1791.11,13,89,19,70,60,0.84
04/06/24 08:55,22.66,42.25,736.33,1857.13,1,9,65,70,19,0.46
04/06/24 08:56,24.64,49.51,597.28,1143.86,6,19,92,95,100,0.96
04/06/24 08:57,23.35,35.69,155.49,1293.29,12,76,71,4,4,0.6
04/06/24 08:58,20.33,53.21,778.65,1538.54,22,83,79,84,82,1.13
04/06/24 08:59,17.41,38.01,570.44,1534.88,38,48,57,28,90,0.9
04/06/24 09:00,20.07,58.74,995.15,1832.37,22,95,25,44,80,0.94
04/06/24 09:01,16.1,38.22,802.3,1554.71,39,86,52,59,4,0.69
04/06/24 09:02,20.48,64.95,690.52,682.88,4,85,82,78,73,1.07
04/06/24 09:03,23.35,61.45,785.47,509.47,30,66,3,53,53,0.69
04/06/24 09:04,19.51,57.51,520.55,1000.06,25,47,60,69,95,0.88
04/06/24 09:05,19.1,70,428.31,861.18,25,3,44,82,91,0.71
04/06/24 09:06,21.43,59.28,818.8,1688.95,0,89,73,73,95,1.11
04/06/24 09:07,28.84,70,382.71,961.05,31,33,95,62,1,0.59
04/06/24 09:08,18.09,70,581.1,2000,29,72,50,78,16,0.67
04/06/24 09:09,15.03,34.25,481.37,1775.57,36,83,45,27,48,0.8
04/06/24 09:10,22.82,68.94,681.67,1577.48,32,91,51,84,27,0.94
04/06/24 09:11,27.96,63.77,630.31,1705.11,9,83,80,97,76,1.19
04/06/24 09:12,20.99,50.21,706.61,874.39,31,38,26,9,35,0.44
04/06/24 09:13,16.73,55.64,779.68,1221.94,24,23,68,94,78,0.81
04/06/24 09:14,26.41,70,477.7,1117.43,38,70,40,28,94,0.86
04/06/24 09:15,20.01,67.74,827.88,815.39,34,6,97,56,0,0.44
04/06/24 09:16,21.12,55.92,957.71,1430.78,20,71,18,41,75,0.78
04/06/24 09:17,17.67,40.79,322.37,1924.46,25,71,84,70,27,0.84
04/06/24 09:18,29.26,37.7,179.09,1756.79,38,19,17,30,26,0.3
04/06/24 09:19,27.03,70,678.05,1757.37,7,98,97,88,89,1.37
04/06/24 09:20,28.79,57.03,791.73,640.48,39,16,11,12,9,0.17
04/06/24 09:21,17.57,42.75,435.33,1771.08,34,26,32,50,1,0.31
04/06/24 09:22,23.81,70,412.11,1312.49,39,95,22,59,90,1.09
04/06/24 09:23,16.3,54.3,977.6,1554.69,2,83,82,89,76,1.23
04/06/24 09:24,17.8,69.96,787.3,1308.1,33,82,81,78,59,1.01
04/06/24 09:25,25.93,47.269999999999996,726.2,1630.12,22,17,3,49,60,0.42
04/06/24 09:26,21.36,37.0,535.46,1230.73,32,55,42,34,86,0.77
04/06/24 09:27,24.38,70,904.32,1078.76,7,73,79,84,95,1.25
04/06/24 09:28,26.03,70,531.04,594.04,5,83,75,93,90,1.2
04/06/24 09:29,16.87,37.73,480.35,1146.83,30,9,14,14,1,0.13
04/06/24 09:30,17.06,57.41,302.73,866.53,34,8,76,63,13,0.46
04/06/24 09:31,23.03,64.48,525.77,960.96,25,79,96,61,55,0.93
04/06/24 09:32,16.77,69.52,939.91,1188.57,32,52,33,7,100,0.75
04/06/24 09:33,17.99,39.94,711.38,1213.24,25,55,86,83,98,1.0
04/06/24 09:34,28.25,34.81,343.14,1497.28,38,20,93,46,65,0.78
04/06/24 09:35,15.22,43.620000000000005,889.99,1504.68,36,62,74,12,35,0.76
04/06/24 09:36,28.68,66.16,927.42,2000,39,42,39,2,23,0.46
04/06/24 09:37,18.76,41.09,97.84,1021.04,4,79,76,86,79,1.07
04/06/24 09:38,28.02,44.69,828.41,1694.14,32,27,14,93,52,0.52
04/06/24 09:39,28.14,45.32,614.36,1200.34,31,71,85,17,16,0.76
04/06/24 09:40,15.73,39.52,580.08,1777.74,27,10,15,11,78,0.46
04/06/24 09:41,28.71,57.81,649.64,1586.74,39,9,33,40,92,0.56
04/06/24 09:42,15.07,45.830000000000005,80.09,1569.79,39,18,10,12,2,0.15
04/06/24 09:43,26.3,69.65,656.46,607.04,36,16,16,73,36,0.39
04/06/24 09:44,28.54,48.4,425.73,1907.5,33,23,3,54,77,0.5
04/06/24 09:45,27.2,44.06,985.15,1843.7,36,40,31,76,14,0.54
04/06/24 09:46,24.9,65.83,899.25,918.19,21,63,58,75,18,0.75
04/06/24 09:47,19.03,61.699999999999996,429.92,1640.28,20,55,47,94,45,0.74
04/06/24 09:48,29.99,49.67,117.9,1386.56,39,26,23,10,27,0.3
04/06/24 09:49,25.33,44.809999999999995,933.41,1049.25,38,15,23,18,24,0.27
04/06/24 09:50,19.85,46.660000000000004,815.44,1359.09,29,24,9,91,43,0.49
04/06/24 09:51,23.59,70,653.05,1711.32,25,52,29,62,57,0.7
04/06/24 09:52,16.88,51.76,803.06,859.51,24,51,64,4,76,0.79
04/06/24 09:53,17.77,47.26,778.66,1272.92,4,76,99,99,71,1.16
04/06/24 09:54,24.58,55.17,328.54,1178.4,36,31,88,57,44,0.67
04/06/24 09:55,28.86,38.57,444.25,763.16,20,76,17,73,7,0.65
04/06/24 09:56,28.03,63.06,766.71,1168.01,34,17,24,71,75,0.58
04/06/24 09:57,27.48,54.949999999999996,569.87,2000,39,7,86,33,17,0.46
04/06/24 09:58,27.82,69.0,377.24,2000,20,20,96,20,2,0.45
04/06/24 09:59,18.73,46.52,575.33,1136.52,7,70,75,70,85,0.95
04/06/24 10:00,24.12,53.760000000000005,933.47,463.31,28,4,17,93,41,0.4
04/06/24 10:01,22.02,44.0,937.32,1648.17,37,47,39,89,48,0.7
04/06/24 10:02,24.07,69.01,800.01,1791.77,23,29,99,25,63,0.81
04/06/24 10:03,25.69,57.5,822.87,2000,40,82,13,96,62,0.87
04/06/24 10:04,17.27,65.15,337.15,1811.95,6,78,79,83,95,1.19
04/06/24 10:05,17.45,51.59,749.09,1021.92,27,73,64,58,20,0.76
04/06/24 10:06,28.18,59.27,807.91,1898.21,27,76,69,37,58,0.89
04/06/24 10:07,21.13,65.67999999999999,770.01,1654.27,21,25,72,46,78,0.72
04/06/24 10:08,29.24,69.69,441.14,1400.26,5,89,73,92,88,1.29
04/06/24 10:09,20.4,67.81,889.8,1469.22,37,26,13,18,25,0.3
04/06/24 10:10,19.01,59.88,552.9,1086.93,27,58,39,77,95,0.97
04/06/24 10:11,28.84,52.21,518.1,711.06,33,6,32,91,80,0.65
04/06/24 10:12,25.4,60.980000000000004,516.95,1375.2,24,24,14,72,59,0.58
04/06/24 10:13,27.9,53.550000000000004,533.42,1532.04,33,87,23,22,65,0.8
04/06/24 10:14,16.73,70,816.78,819.09,38,85,70,73,88,1.05
04/06/24 10:15,18.83,41.12,760.05,726.01,26,100,26,23,20,0.67
04/06/24 10:16,27.5,41.01,647.44,1151.6599999999999,36,1,10,29,23,0.19
04/06/24 10:17,20.84,56.870000000000005,608.52,868.08,40,48,74,78,42,0.71
04/06/24 10:18,20.29,63.14,123.11,1011.91,37,24,1,19,13,0.19
04/06/24 10:19,20.73,51.120000000000005,808.08,400,9,95,88,71,98,1.37
04/06/24 10:20,23.59,70,767.86,928.87,25,92,32,74,76,1.06
04/06/24 10:21,20.7,45.84,302.56,510.42,30,28,48,30,70,0.63
04/06/24 10:22,22.31,70,310.08,679.02,39,5,10,29,23,0.22
04/06/24 10:23,17.31,34.45,609.45,434.27,28,67,23,27,79,0.7
04/06/24 10:24,28.51,70,986.0,1546.59,37,12,32,54,2,0.27
04/06/24 10:25,15.27,64.96,297.63,1102.21,9,74,76,71,77,1.12
04/06/24 10:26,19.38,70,686.72,1318.82,10,88,78,71,98,1.28
04/06/24 10:27,15.56,57.94,673.57,1993.48,25,8,90,95,27,0.61
04/06/24 10:28,18.11,64.79,902.45,1894.71,37,77,14,83,58,0.76
04/06/24 10:29,24.89,54.1,506.25,806.5,20,73,51,64,54,0.94
04/06/24 10:30,26.37,40.42,429.59,1019.15,32,98,52,64,20,0.92
04/06/24 10:31,21.28,62.0,633.33,461.32,21,56,91,59,30,0.83
04/06/24 10:32,29.5,60.220000000000006,605.4,621.75,37,27,19,97,19,0.48
04/06/24 10:33,21.51,33.15,969.4,1699.35,37,9,64,11,86,0.66
04/06/24 10:34,27.63,70,60.58,1389.38,2,99,94,92,71,1.36
04/06/24 10:35,22.28,48.62,327.22,1456.19,7,76,98,70,85,1.23
04/06/24 10:36,17.73,55.71,975.55,1935.34,24,93,67,92,81,1.12
04/06/24 10:37,29.48,59.26,575.32,1112.29,24,46,81,31,51,0.72
04/06/24 10:38,28.47,70,78.09,550.8,34,20,21,28,14,0.27
04/06/24 10:39,26.68,70,561.42,1004.99,31,19,10,28,22,0.28
04/06/24 10:40,19.92,70,74.59,715.09,1,98,97,75,88,1.26
04/06/24 10:41,22.44,64.84,749.74,1196.07,32,56,56,40,46,0.74
04/06/24 10:42,20.43,63.09,709.67,1912.14,31,72,81,52,19,0.77
04/06/24 10:43,19.65,49.980000000000004,365.95,2000,35,37,78,87,10,0.59
04/06/24 10:44,26.54,49.769999999999996,664.92,1259.88,31,8,13,18,8,0.13
04/06/24 10:45,24.24,57.75,474.67,927.04,38,79,63,46,16,0.79
04/06/24 10:46,20.41,44.86,442.59,1602.12,23,1,41,62,41,0.41
04/06/24 10:47,22.98,35.36,724.59,574.41,30,59,80,53,69,0.9
04/06/24 10:48,23.61,70,848.26,1407.92,31,97,32,48,97,1.12
04/06/24 10:49,25.19,45.29,900.62,1846.23,35,96,55,40,35,0.88
04/06/24 10:50,28.22,59.22,501.99,1787.11,36,17,3,5,23,0.18
04/06/24 10:51,16.18,46.35,444.42,1275.11,3,100,96,95,89,1.42
04/06/24 10:52,28.85,57.05,605.4,1780.8,30,75,40,25,25,0.61
04/06/24 10:53,22.34,70,746.29,531.78,38,67,54,75,49,0.87
04/06/24 10:54,28.4,54.57,840.79,612.04,26,72,45,34,36,0.67
04/06/24 10:55,18.28,45.260000000000005,413.95,1315.72,32,26,5,67,12,0.34
04/06/24 10:56,18.52,62.120000000000005,377.93,1772.44,37,48,22,2,76,0.65
04/06/24 10:57,21.92,68.25,970.03,1800.48,20,23,60,99,35,0.66
04/06/24 10:58,26.23,46.72,970.73,491.06,36,10,31,78,72,0.56
04/06/24 10:59,18.91,45.830000000000005,542.32,1218.83,1,95,90,77,100,1.31
04/06/24 11:00,20.46,60.76,142.46,400,4,85,80,76,87,1.05
04/06/24 11:01,26.67,50.76,528.94,1614.84,20,31,27,59,71,0.65
04/06/24 11:02,23.87,60.82,786.37,936.43,33,20,15,20,12,0.23
04/06/24 11:03,22.49,57.23,531.26,719.34,26,73,70,34,72,0.99
04/06/24 11:04,27.25,65.38,308.15,921.03,25,0,64,86,40,0.51
04/06/24 11:05,23.05,39.36,418.14,509.96,25,27,11,25,16,0.28
04/06/24 11:06,23.54,47.32,609.61,1382.5,22,82,68,10,34,0.81
04/06/24 11:07,17.17,70,94.96,1536.83,6,87,78,97,93,1.23
04/06/24 11:08,21.13,59.489999999999995,390.52,1257.46,27,76,69,18,37,0.79
04/06/24 11:09,24.28,62.879999999999995,744.12,1724.43,28,32,42,98,90,0.76
04/06/24 11:10,17.15,49.47,648.43,967.86,38,20,29,26,21,0.34
04/06/24 11:11,28.8,64.78,943.89,1894.65,21,2,38,46,55,0.43
04/06/24 11:12,29.68,59.44,485.81,1804.47,24,96,78,20,63,1.0
04/06/24 11:13,24.65,49.760000000000005,935.47,434.21,36,70,42,98,84,0.94
04/06/24 11:14,22.42,43.59,627.16,1820.46,37,26,88,0,61,0.62
04/06/24 11:15,22.79,35.25,979.43,402.45,22,92,73,32,62,1.05
04/06/24 11:16,29.36,51.290000000000006,523.49,1636.87,24,33,24,82,21,0.46
04/06/24 11:17,21.62,40.92,981.13,1061.49,10,97,70,92,96,1.23
04/06/24 11:18,21.81,60.01,326.99,506.11,29,82,17,38,55,0.82
04/06/24 11:19,19.64,53.87,709.34,735.1,30,3,86,70,62,0.68
04/06/24 11:20,25.1,32.019999999999996,425.78,687.45,35,9,2,15,11,0.12
04/06/24 11:21,20.48,53.64,610.97,690.27,33,28,59,97,68,0.79
04/06/24 11:22,25.35,32.809999999999995,723.82,828.02,35,28,12,4,27,0.29
04/06/24 11:23,18.69,67.39999999999999,831.62,1515.66,22,54,82,16,15,0.61
04/06/24 11:24,23.01,67.43,548.19,1191.68,8,82,74,95,86,1.27
04/06/24 11:25,16.32,68.65,373.86,1092.77,21,85,8,67,26,0.64
04/06/24 11:26,26.41,70,719.53,465.62,33,90,34,86,95,1.01
04/06/24 11:27,17.53,69.98,986.84,1259.76,28,42,74,99,52,0.87
04/06/24 11:28,24.97,41.34,890.24,1445.59,28,43,93,68,30,0.76
04/06/24 11:29,22.09,55.82,830.7,1134.55,3,92,95,71,98,1.16
04/06/24 11:30,15.62,69.14,526.86,1373.37,21,28,21,65,26,0.42
04/06/24 11:31,28.85,66.0,804.24,1826.35,5,93,86,84,73,1.19
04/06/24 11:32,26.13,46.73,331.86,1082.21,35,45,39,9,58,0.55
04/06/24 11:33,21.56,56.620000000000005,967.23,998.39,27,53,53,62,37,0.65
04/06/24 11:34,16.93,53.83,582.14,1700.66,22,71,83,73,72,1.08
04/06/24 11:35,23.95,62.44,453.2,1145.19,22,49,92,49,62,0.86
04/06/24 11:36,25.95,69.72999999999999,511.89,766.78,27,85,44,80,51,0.99
04/06/24 11:37,27.87,61.85,822.53,1726.91,6,78,88,89,91,1.23
04/06/24 11:38,16.55,61.36,542.03,801.29,34,39,20,12,89,0.57
04/06/24 11:39,19.52,36.620000000000005,824.91,923.01,36,42,94,63,37,0.71
04/06/24 11:40,26.49,51.0,956.74,508.99,23,59,14,18,68,0.68
04/06/24 11:41,28.86,61.85,724.01,937.93,27,91,17,12,13,0.63
04/06/24 11:42,25.21,41.67,987.21,1470.5,2,89,82,99,76,1.16
04/06/24 11:43,23.76,63.44,821.52,438.64,20,36,86,60,45,0.77
04/06/24 11:44,27.75,55.970000000000006,715.13,400,6,77,80,97,72,1.08
04/06/24 11:45,21.09,51.54,763.67,708.89,1,100,87,81,79,1.18
04/06/24 11:46,20.34,57.22,543.17,860.65,28,4,60,38,50,0.49
04/06/24 11:47,16.95,45.800000000000004,643.37,1260.92,34,45,78,51,64,0.79
04/06/24 11:48,23.56,70,638.34,562.89,24,5,52,58,98,0.74
04/06/24 11:49,24.34,50.86,610.24,1391.73,33,7,8,10,17,0.14
04/06/24 11:50,27.56,50.71,516.05,2000,39,85,46,89,13,0.74
04/06/24 11:51,27.72,62.800000000000004,488.33,2000,30,10,1,51,8,0.17
04/06/24 11:52,26.81,62.36,79.32,625.2,39,1,30,12,0,0.12
04/06/24 11:53,21.64,70,371.75,653.69,23,56,6,53,96,0.75
04/06/24 11:54,17.7,53.49,680.62,700.46,38,84,23,44,72,0.89
04/06/24 11:55,29.9,70,738.98,653.81,5,76,79,77,70,1.02
04/06/24 11:56,29.72,36.660000000000004,444.42,1513.34,34,15,78,64,36,0.53
04/06/24 11:57,15.18,48.81,375.91,400,10,74,94,78,98,1.16
04/06/24 11:58,26.98,58.48,624.1,1908.4,21,58,93,69,42,0.93
04/06/24 11:59,20.83,44.64,882.73,1715.95,10,87,75,92,86,1.11
04/06/24 12:00,17.68,38.74,496.19,1203.4,38,99,15,69,85,1.04
04/06/24 12:01,16.7,44.31,591.29,1845.86,27,81,19,11,50,0.7
04/06/24 12:02,22.09,56.25,704.4,1937.85,32,55,89,41,38,0.79
04/06/24 12:03,24.82,45.22,364.79,1044.73,24,68,67,19,99,1.04
04/06/24 12:04,17.15,60.18,472.12,1046.6,23,16,93,14,30,0.46
04/06/24 12:05,29.65,39.39,533.47,653.79,23,81,89,8,88,1.03
04/06/24 12:06,16.2,35.48,817.51,1930.49,30,19,12,15,23,0.24
04/06/24 12:07,28.65,54.31,674.66,1669.43,36,93,55,58,1,0.68
04/06/24 12:08,21.69,51.73,388.66,2000,36,10,22,15,2,0.15
04/06/24 12:09,22.54,70,514.47,1759.79,3,91,98,99,85,1.36
04/06/24 12:10,22.95,70,748.1,1631.65,33,90,59,92,12,0.89
04/06/24 12:11,20.97,48.84,716.1,1274.78,28,92,9,55,85,0.87
04/06/24 12:12,25.39,70,340.42,479.38,9,84,100,100,84,1.38
04/06/24 12:13,26.74,54.489999999999995,954.52,1368.82,31,40,41,13,36,0.54
04/06/24 12:14,15.06,40.81,571.15,1777.46,10,82,83,92,70,1.02
04/06/24 12:15,19.57,61.92,691.28,923.11,38,89,31,11,37,0.75
04/06/24 12:16,15.71,43.209999999999994,864.65,2000,36,20,1,18,27,0.26
04/06/24 12:17,17.48,55.92,558.44,1076.9099999999999,40,17,23,7,4,0.2
04/06/24 12:18,27.37,57.57,754.73,730.02,1,87,89,79,98,1.36
04/06/24 12:19,17.85,70,741.11,1573.77,21,47,35,94,5,0.55
04/06/24 12:20,20.19,62.79,875.37,1209.86,29,54,53,21,34,0.63
04/06/24 12:21,29.76,69.06,856.66,1100.71,24,41,35,92,22,0.62
04/06/24 12:22,28.38,40.38,384.94,631.76,7,88,77,94,80,1.12
04/06/24 12:23,25.55,67.12,189.18,865.25,39,3,24,19,9,0.17
04/06/24 12:24,29.31,65.81,727.23,594.27,35,30,2,7,26,0.3
04/06/24 12:25,23.26,48.07,895.35,977.28,31,44,64,36,53,0.68
04/06/24 12:26,22.33,46.68,463.52,1850.7,7,88,87,84,89,1.16
04/06/24 12:27,22.13,40.68,742.22,677.54,35,32,76,85,44,0.75
04/06/24 12:28,18.34,70,449.14,1739.07,37,89,0,17,87,0.83
04/06/24 12:29,17.98,32.24,303.95,939.03,30,64,55,11,96,0.96
04/06/24 12:30,23.91,51.86,897.54,1942.88,27,43,87,93,46,0.76
04/06/24 12:31,27.46,44.63,889.64,1021.41,32,6,90,86,53,0.62
04/06/24 12:32,28.15,56.92,308.57,1014.71,10,93,78,90,97,1.29
04/06/24 12:33,19.14,63.379999999999995,503.3,850.02,24,91,84,94,5,0.88
04/06/24 12:34,27.12,54.120000000000005,909.4,1553.07,22,49,15,72,32,0.52
04/06/24 12:35,18.87,63.480000000000004,512.03,654.54,25,6,79,78,19,0.5
04/06/24 12:36,19.26,45.019999999999996,553.11,968.04,25,87,54,28,2,0.71
04/06/24 12:37,27.06,70,473.53,1444.99,33,59,88,38,27,0.74
04/06/24 12:38,26.09,45.24,906.8,1335.53,22,14,53,14,8,0.28
04/06/24 12:39,27.71,56.34,777.06,611.04,33,18,71,78,91,0.9
04/06/24 12:40,28.6,47.0,934.71,518.52,29,45,15,95,34,0.58
04/06/24 12:41,15.86,56.849999999999994,504.34,400,29,21,73,73,85,0.86
04/06/24 12:42,24.3,63.17,967.96,1704.05,37,83,10,77,88,0.88
04/06/24 12:43,21.42,68.6,56.34,400,1,87,87,83,72,1.25
04/06/24 12:44,22.95,51.99,955.38,400,3,78,79,100,94,1.1
04/06/24 12:45,22.86,59.13,733.24,451.63,23,78,65,16,91,0.95
04/06/24 12:46,21.14,70,947.88,937.11,40,32,40,86,18,0.49
04/06/24 12:47,23.34,54.77,749.17,1816.87,31,10,24,17,27,0.26
04/06/24 12:48,29.65,45.11,320.86,547.86,4,88,77,87,89,1.1
04/06/24 12:49,23.25,61.370000000000005,905.11,1258.05,34,90,90,51,39,0.96
04/06/24 12:50,28.37,70,547.76,1356.63,29,58,40,72,17,0.57
04/06/24 12:51,27.76,68.24000000000001,341.38,1781.72,9,95,87,74,86,1.16
04/06/24 12:52,15.05,55.230000000000004,953.0,1994.21,40,7,37,31,34,0.32
04/06/24 12:53,23.01,50.18,516.05,1858.0,31,16,6,9,12,0.17
04/06/24 12:54,28.94,60.01,82.38,1168.05,33,22,21,30,10,0.29
04/06/24 12:55,18.59,70,355.8,813.76,26,99,40,95,50,1.01
04/06/24 12:56,21.5,62.830000000000005,854.06,1572.65,28,37,75,22,21,0.49
04/06/24 12:57,23.24,63.98,833.46,1979.91,29,66,19,29,21,0.55
04/06/24 12:58,25.62,61.25,738.14,733.05,27,75,66,88,50,1.01
04/06/24 12:59,29.13,54.9,628.98,1932.88,31,3,52,31,83,0.55
04/06/24 13:00,19.57,45.9,886.64,687.89,21,95,57,40,90,1.12
04/06/24 13:01,21.46,45.480000000000004,336.86,1866.94,28,94,46,52,23,0.79
04/06/24 13:02,29.92,53.5,687.15,750.99,22,35,82,82,71,0.8
04/06/24 13:03,15.44,65.19,29.12,903.37,38,19,12,22,26,0.27
04/06/24 13:04,19.75,46.17,919.94,1663.15,23,31,11,81,47,0.51
04/06/24 13:05,25.72,67.32,553.3,717.61,38,29,5,16,51,0.41
04/06/24 13:06,25.57,48.15,895.16,1780.01,22,28,70,21,18,0.46
04/06/24 13:07,20.89,60.9,819.56,1264.25,40,3,23,19,18,0.18
04/06/24 13:08,26.57,54.2,529.22,520.75,37,83,85,20,78,1.07
04/06/24 13:09,15.08,55.53,737.75,1374.62,30,26,13,12,92,0.53
04/06/24 13:10,25.41,55.39,618.24,876.1,35,32,61,41,90,0.72
04/06/24 13:11,26.12,45.86,824.68,400,26,77,15,77,94,0.95
04/06/24 13:12,28.64,49.86,795.49,1896.5,31,77,62,76,55,0.96
04/06/24 13:13,19.7,59.83,922.16,825.27,31,56,56,65,70,0.9
04/06/24 13:14,23.1,70,447.18,401.15,7,90,91,86,96,1.35
04/06/24 13:15,15.9,60.879999999999995,954.4,1325.85,25,84,74,63,58,1.01
04/06/24 13:16,26.24,58.400000000000006,325.45,1267.18,33,15,4,37,28,0.26
04/06/24 13:17,23.46,70,221.71,631.31,5,100,86,93,75,1.23
04/06/24 13:18,25.16,51.95,891.29,1861.17,36,24,24,12,14,0.25
04/06/24 13:19,27.28,70,401.63,1577.69,39,9,52,60,93,0.69
04/06/24 13:20,24.93,53.28,711.0,1562.97,34,51,82,49,73,0.82
04/06/24 13:21,22.27,46.790000000000006,525.95,915.45,22,31,95,92,5,0.7
04/06/24 13:22,28.7,66.28,413.8,1323.84,40,40,62,20,24,0.51
04/06/24 13:23,19.88,51.71,834.79,1536.59,35,60,53,59,3,0.64
04/06/24 13:24,28.07,70,385.98,812.25,37,16,82,76,94,0.85
04/06/24 13:25,23.87,60.57000000000001,593.8,1796.41,25,39,94,98,93,1.09
04/06/24 13:26,27.76,38.1,79.16,1282.04,36,13,23,5,16,0.22
04/06/24 13:27,16.27,57.470000000000006,742.08,1363.81,22,84,23,57,52,0.79
04/06/24 13:28,20.47,70,649.27,1487.51,23,16,18,77,72,0.55
04/06/24 13:29,18.59,34.4,644.13,1292.67,33,96,6,23,26,0.7
04/06/24 13:30,21.96,55.77,705.05,1010.6300000000001,8,76,100,85,79,1.16
04/06/24 13:31,17.27,36.980000000000004,985.54,1263.06,26,6,85,47,59,0.57
04/06/24 13:32,29.7,47.42,755.47,525.03,28,7,17,10,56,0.36
04/06/24 13:33,21.25,65.54,984.67,988.59,40,65,55,53,98,1.0
04/06/24 13:34,23.18,33.84,652.85,1944.43,25,24,96,19,38,0.56
04/06/24 13:35,28.12,56.550000000000004,644.19,1289.82,32,21,48,27,8,0.33
04/06/24 13:36,28.88,64.4,870.2,1781.35,23,9,63,39,46,0.46
04/06/24 13:37,27.6,56.64,42.83,825.27,36,20,14,24,29,0.32
04/06/24 13:38,24.53,70,862.5,966.81,31,70,79,78,4,0.7
04/06/24 13:39,24.52,49.79,901.22,400,23,61,29,33,87,0.85
04/06/24 13:40,20.69,65.04,891.06,1079.5700000000002,33,29,71,72,16,0.52
04/06/24 13:41,18.88,37.85,138.29,1439.04,4,99,98,72,76,1.14
04/06/24 13:42,21.64,55.88,731.0,1698.07,40,9,53,96,18,0.44
04/06/24 13:43,25.04,70,386.41,969.93,32,1,71,68,9,0.42
04/06/24 13:44,27.46,70,412.23,1519.02,3,91,94,70,85,1.21
04/06/24 13:45,16.18,67.49,701.68,1020.6,36,41,23,23,17,0.43
04/06/24 13:46,22.43,51.39,410.78,1279.14,36,17,30,25,29,0.32
04/06/24 13:47,19.08,40.06,559.82,1000.06,37,77,64,0,98,1.0
04/06/24 13:48,19.94,70,620.46,593.69,7,92,77,81,93,1.22
04/06/24 13:49,19.82,52.019999999999996,513.41,1195.55,24,9,21,28,46,0.33
04/06/24 13:50,25.12,68.3,441.32,977.29,22,77,72,50,62,0.87
04/06/24 13:51,18.55,38.470000000000006,55.03,1389.49,36,15,23,2,20,0.24
04/06/24 13:52,18.58,45.5,798.29,1422.32,37,11,67,71,31,0.57
04/06/24 13:53,16.95,62.809999999999995,594.83,1490.17,25,44,72,59,21,0.64
04/06/24 13:54,23.23,37.96,852.1,439.1,22,94,58,42,78,0.94
04/06/24 13:55,29.54,39.42,417.05,788.66,36,84,45,78,61,0.99
04/06/24 13:56,28.9,64.14,810.69,400,23,98,65,9,74,0.99
04/06/24 13:57,24.99,38.169999999999995,104.41,1240.1,37,13,9,8,26,0.22
04/06/24 13:58,24.63,40.99,321.23,1553.85,38,59,92,62,64,1.0
04/06/24 13:59,28.63,46.51,30.91,769.61,35,13,12,1,11,0.14
04/06/24 14:00,29.68,64.86,817.57,1152.27,24,64,51,22,18,0.63
04/06/24 14:01,19.76,49.1,354.79,1272.65,3,88,84,82,82,1.17
04/06/24 14:02,23.16,41.57,302.32,2000,23,6,0,55,9,0.16
04/06/24 14:03,25.65,33.67,106.27,671.16,34,28,29,1,28,0.36
04/06/24 14:04,18.79,41.14,363.79,1332.63,20,67,33,17,14,0.51
04/06/24 14:05,21.98,70,991.04,1286.18,33,18,81,79,58,0.68
04/06/24 14:06,27.38,70,997.85,788.42,28,76,72,94,50,0.95
04/06/24 14:07,25.22,64.73,542.69,1075.28,33,50,1,2,13,0.29
04/06/24 14:08,23.46,46.1,791.4,1368.65,25,44,76,61,82,0.83
04/06/24 14:09,24.31,53.629999999999995,693.41,1923.24,23,10,44,24,75,0.5
04/06/24 14:10,21.14,57.41,616.15,1866.45,39,14,33,44,96,0.66
04/06/24 14:11,25.77,51.51,852.97,667.51,31,72,94,45,43,0.82
04/06/24 14:12,17.73,70,499.17,418.34,28,85,73,35,77,1.05
04/06/24 14:13,19.46,67.71,683.59,619.1,0,79,70,97,94,1.11
04/06/24 14:14,25.37,60.9,397.58,572.1700000000001,39,30,0,13,24,0.29
04/06/24 14:15,21.47,70,799.89,451.44,30,14,7,52,65,0.48
04/06/24 14:16,29.68,70,611.78,1033.28,7,93,79,91,82,1.3
04/06/24 14:17,17.56,36.29,572.86,1310.31,29,71,96,3,38,0.87
04/06/24 14:18,26.52,60.86,408.58,1987.52,40,31,92,13,90,0.85
04/06/24 14:19,20.26,44.510000000000005,380.79,1459.66,30,91,20,73,53,0.88
04/06/24 14:20,28.7,39.47,767.9,1384.71,30,76,68,31,69,0.89
04/06/24 14:21,20.55,56.08,221.86,1441.78,38,2,14,8,12,0.12
04/06/24 14:22,20.38,49.32,865.28,1246.51,24,14,34,1,11,0.23
04/06/24 14:23,15.02,70,533.32,1897.56,24,85,10,55,72,0.93
04/06/24 14:24,28.61,66.56,639.75,648.7,23,14,94,74,12,0.55
04/06/24 14:25,24.85,40.400000000000006,813.15,1595.8,3,70,81,88,76,1.1
04/06/24 14:26,28.35,51.45,853.81,1538.68,33,35,99,12,41,0.63
04/06/24 14:27,17.99,42.42,500.57,1086.76,9,85,96,87,75,1.26
04/06/24 14:28,18.37,51.01,302.28,866.26,23,24,74,28,60,0.7
04/06/24 14:29,21.22,61.45,732.83,1343.06,38,15,80,68,80,0.77
04/06/24 14:30,26.12,65.93,737.38,1107.04,21,89,29,50,56,0.77
04/06/24 14:31,28.9,61.63,357.84,1839.57,5,92,84,71,78,1.08
04/06/24 14:32,19.09,59.44,757.87,1909.27,23,85,42,40,83,0.99
04/06/24 14:33,15.27,50.68,588.11,1858.11,34,17,63,72,93,0.81
04/06/24 14:34,25.45,64.98,544.62,1826.32,20,14,76,86,68,0.72
04/06/24 14:35,27.94,37.34,314.07,1631.18,21,53,6,26,61,0.54
04/06/24 14:36,18.58,53.16,629.89,1810.51,9,100,81,85,85,1.25
04/06/24 14:37,23.31,70,422.09,1563.55,26,8,55,92,31,0.55
04/06/24 14:38,24.46,70,539.93,1464.28,25,21,18,82,79,0.67
04/06/24 14:39,19.91,41.440000000000005,338.78,1719.51,31,49,22,66,28,0.51
04/06/24 14:40,16.75,59.85,88.64,1401.36,39,1,21,26,28,0.23
04/06/24 14:41,18.37,70,500.35,1522.34,6,94,89,92,79,1.22
04/06/24 14:42,17.42,58.16,587.62,1618.12,35,62,99,58,67,0.92
04/06/24 14:43,26.52,70,443.06,402.62,22,4,72,56,75,0.63
04/06/24 14:44,16.39,60.18,907.28,1545.45,33,92,10,54,22,0.68
04/06/24 14:45,17.34,68.08,525.68,1350.03,34,33,60,82,52,0.78
04/06/24 14:46,21.13,68.29,380.46,2000,37,33,59,89,50,0.66
04/06/24 14:47,19.35,60.14,319.17,1899.8,28,99,38,73,81,0.99
04/06/24 14:48,17.37,46.05,901.0,1664.32,6,97,71,89,92,1.36
04/06/24 14:49,18.31,31.03,877.82,1242.07,35,28,28,5,11,0.27
04/06/24 14:50,23.4,57.64,339.66,782.57,32,18,12,9,16,0.19
04/06/24 14:51,17.51,65.66,316.1,645.53,34,78,81,28,99,1.01
04/06/24 14:52,19.46,46.74,680.44,2000,33,54,4,37,34,0.47
04/06/24 14:53,15.72,53.660000000000004,672.63,1054.11,20,26,28,42,37,0.45
04/06/24 14:54,20.13,67.27,341.05,1084.77,39,41,32,82,67,0.74
04/06/24 14:55,29.11,48.13,639.08,1921.54,33,53,79,72,78,1.03
04/06/24 14:56,26.07,49.47,961.55,595.0899999999999,22,12,59,85,6,0.42
04/06/24 14:57,18.04,61.64,812.38,1845.75,23,48,17,89,97,0.85
04/06/24 14:58,27.59,61.47,273.75,515.76,5,77,74,80,80,1.08
04/06/24 14:59,29.37,47.32,995.3,1977.46,24,66,48,0,17,0.57
04/06/24 15:00,19.3,33.230000000000004,681.43,510.23,20,96,53,20,33,0.86
04/06/24 15:01,18.97,35.54,579.59,886.93,24,5,56,4,73,0.52
04/06/24 15:02,25.3,70,385.37,875.22,29,67,45,99,41,0.89
04/06/24 15:03,24.0,69.45,533.65,400,5,88,90,77,87,1.15
04/06/24 15:04,27.44,55.41,474.94,1132.03,31,6,10,5,12,0.12
04/06/24 15:05,15.01,51.52,119.82,693.89,32,21,19,11,4,0.2
04/06/24 15:06,22.18,67.52,838.02,1073.42,27,88,33,73,15,0.81
04/06/24 15:07,22.2,65.01,708.72,737.32,0,75,99,73,72,1.07
04/06/24 15:08,16.67,46.480000000000004,730.55,1452.75,38,7,40,66,100,0.71
04/06/24 15:09,18.36,65.6,372.53,1748.98,39,52,54,55,74,0.88
04/06/24 15:10,23.55,41.5,717.01,2000,38,19,29,12,27,0.29
04/06/24 15:11,18.09,39.07,860.02,1182.18,26,41,88,45,77,0.81
04/06/24 15:12,22.12,54.04,903.99,2000,30,95,71,46,3,0.73
04/06/24 15:13,16.5,42.12,996.05,1599.25,39,13,13,25,35,0.29
04/06/24 15:14,19.37,58.230000000000004,759.11,400,4,83,70,96,85,1.13
04/06/24 15:15,18.52,63.51,816.45,727.68,35,26,26,3,19,0.3
04/06/24 15:16,20.75,64.75,309.97,1351.12,40,23,48,15,76,0.61
04/06/24 15:17,28.21,68.94,737.1,2000,29,97,12,78,8,0.73
04/06/24 15:18,19.61,66.28999999999999,869.38,934.36,40,9,11,21,4,0.14
04/06/24 15:19,27.64,50.52,704.15,1337.04,40,90,15,95,46,0.89
04/06/24 15:20,17.23,70,707.84,1281.33,20,38,80,95,10,0.7
04/06/24 15:21,24.76,51.87,166.34,1531.91,33,23,14,25,29,0.3
04/06/24 15:22,29.59,57.43,526.12,1534.35,29,76,7,13,99,0.86
04/06/24 15:23,23.42,66.86,747.57,953.02,32,93,48,97,35,0.92
04/06/24 15:24,25.63,39.75,783.77,2000,32,25,3,25,16,0.26
04/06/24 15:25,27.67,49.29,556.49,1797.27,34,30,30,14,17,0.31
04/06/24 15:26,28.98,62.82,532.62,1839.91,26,97,53,90,92,1.15
04/06/24 15:27,20.8,61.63,824.49,1604.04,38,22,24,1,12,0.23
04/06/24 15:28,22.02,40.52,727.57,1774.34,35,52,89,85,99,1.17
04/06/24 15:29,22.17,47.32,900.79,1804.93,9,94,90,86,87,1.2
04/06/24 15:30,23.49,42.3,644.7,1012.39,22,53,55,44,19,0.57
04/06/24 15:31,24.3,54.75,211.23,1799.75,7,85,90,84,95,1.13
04/06/24 15:32,18.33,37.01,523.64,1705.25,37,18,28,5,4,0.2
04/06/24 15:33,28.3,58.64,833.59,926.61,28,46,33,93,52,0.65
04/06/24 15:34,25.17,67.39999999999999,407.12,574.01,37,14,6,26,73,0.44
04/06/24 15:35,29.21,62.410000000000004,913.15,1851.12,27,56,32,51,26,0.62
04/06/24 15:36,27.8,63.32,571.39,546.0,25,46,68,46,32,0.66
04/06/24 15:37,25.19,39.94,578.54,1288.03,32,4,31,68,85,0.61
04/06/24 15:38,25.19,64.9,303.7,643.36,30,2,7,9,27,0.15
04/06/24 15:39,29.48,58.39,801.15,1484.59,36,68,38,58,82,0.85
04/06/24 15:40,25.95,39.17,539.03,738.79,31,22,6,6,52,0.37
04/06/24 15:41,27.08,60.050000000000004,278.67,2000,36,24,23,1,14,0.23
04/06/24 15:42,18.0,63.39,424.67,796.41,30,60,52,64,71,0.93
04/06/24 15:43,16.36,70,857.77,1487.61,26,60,14,74,17,0.56
04/06/24 15:44,28.8,36.03,505.28,1840.9,35,27,14,4,19,0.27
04/06/24 15:45,17.35,42.84,473.58,1632.32,0,82,78,92,76,1.04
04/06/24 15:46,18.04,50.74,693.81,1997.24,40,0,17,22,30,0.2
04/06/24 15:47,15.02,52.6,677.76,1614.42,33,82,62,34,73,1.03
04/06/24 15:48,16.48,34.46,935.24,1244.32,38,76,63,35,66,0.88
04/06/24 15:49,25.76,38.550000000000004,648.38,1518.99,21,82,0,52,4,0.48
04/06/24 15:50,24.79,58.54,480.32,1020.53,40,28,8,16,24,0.3
04/06/24 15:51,18.83,39.169999999999995,876.87,999.8399999999999,32,12,83,8,93,0.71
04/06/24 15:52,21.95,37.14,795.96,883.11,38,47,79,70,47,0.81
04/06/24 15:53,24.48,50.77,632.56,590.74,20,98,70,81,41,1.02
04/06/24 15:54,16.49,47.190000000000005,570.08,1126.65,21,51,74,97,9,0.77
04/06/24 15:55,18.81,35.82,524.35,972.69,32,75,36,58,82,0.85
04/06/24 15:56,23.98,69.34,457.52,2000,24,61,49,29,14,0.56
04/06/24 15:57,21.91,39.42,612.94,2000,34,8,9,1,5,0.09
04/06/24 15:58,24.97,62.1,149.71,1061.87,2,80,82,84,92,1.11
04/06/24 15:59,19.99,47.6,43.42,1179.36,35,0,2,25,19,0.13
04/06/24 16:00,17.34,37.85,562.05,1083.9,31,23,35,42,97,0.68
04/06/24 16:01,23.12,57.48,406.92,1240.41,6,72,94,94,75,1.14
04/06/24 16:02,21.34,39.5,620.46,1843.22,26,73,64,26,24,0.75
04/06/24 16:03,15.4,70,209.02,476.46000000000004,4,86,97,82,77,1.2
04/06/24 16:04,21.14,56.79,993.04,593.25,38,36,36,1,77,0.64
04/06/24 16:05,27.28,70,791.09,1674.03,10,73,80,80,98,1.05
04/06/24 16:06,18.04,60.94,862.42,1161.02,30,86,47,89,66,1.03
04/06/24 16:07,28.71,70,383.24,647.22,32,88,99,89,49,1.12
04/06/24 16:08,26.16,67.42999999999999,877.87,954.6,38,83,16,13,41,0.64
04/06/24 16:09,15.15,40.05,728.16,911.48,37,29,66,9,95,0.7
04/06/24 16:10,19.96,43.129999999999995,513.35,1751.63,28,13,39,74,48,0.51
04/06/24 16:11,23.18,41.97,515.02,594.65,2,85,99,73,90,1.19
04/06/24 16:12,24.93,69.6,618.62,1551.7,21,49,15,18,51,0.55
04/06/24 16:13,21.2,45.519999999999996,348.89,917.35,23,75,27,64,30,0.71
04/06/24 16:14,15.99,43.21,637.34,1219.56,0,84,75,99,87,1.18
04/06/24 16:15,17.34,70,362.26,895.69,20,46,94,35,66,0.88
04/06/24 16:16,22.77,68.10000000000001,291.5,494.05999999999995,10,100,86,99,72,1.22
04/06/24 16:17,27.49,70,631.67,660.81,10,97,97,92,88,1.35
04/06/24 16:18,24.62,57.510000000000005,946.5,972.47,32,34,36,62,30,0.51
04/06/24 16:19,24.48,38.830000000000005,710.69,1677.41,34,16,90,62,81,0.72
04/06/24 16:20,22.52,55.92,433.46,1838.12,30,24,16,24,19,0.27
04/06/24 16:21,29.03,66.96,742.11,1651.89,0,80,87,78,74,1.1
04/06/24 16:22,19.99,45.480000000000004,752.35,1357.5,38,74,31,41,4,0.61
04/06/24 16:23,20.56,70,381.87,1119.48,27,67,9,8,46,0.55
04/06/24 16:24,17.42,54.25,397.66,1129.75,32,3,21,16,24,0.22
04/06/24 16:25,21.98,52.76,977.24,685.19,0,86,81,100,83,1.09
04/06/24 16:26,20.27,60.17,207.66,1546.78,32,25,12,12,14,0.25
04/06/24 16:27,19.2,54.26,964.35,422.03,20,21,57,70,73,0.7
04/06/24 16:28,29.77,70,450.34,793.46,1,95,80,91,88,1.32
04/06/24 16:29,22.4,70,601.78,1982.34,35,47,9,40,43,0.49
04/06/24 16:30,24.77,53.86,964.29,1799.36,34,95,14,33,95,0.97
04/06/24 16:31,20.39,53.65,577.56,858.37,31,74,8,8,73,0.68
04/06/24 16:32,23.82,63.03,606.91,1412.91,26,59,92,64,28,0.85
04/06/24 16:33,20.21,34.95,595.61,599.87,33,10,8,49,33,0.31
04/06/24 16:34,21.44,40.28,827.82,1506.93,26,19,89,34,77,0.77
04/06/24 16:35,24.75,61.480000000000004,615.01,1344.44,25,27,63,81,13,0.55
04/06/24 16:36,21.28,65.39999999999999,560.66,1908.4,37,75,86,71,74,1.0
04/06/24 16:37,21.82,56.980000000000004,672.08,2000,31,87,81,42,10,0.73
04/06/24 16:38,26.71,44.32,742.53,1101.16,22,60,77,35,82,0.87
04/06/24 16:39,25.55,42.82,869.99,1834.57,27,22,17,3,50,0.37
04/06/24 16:40,29.11,52.25,680.09,880.09,23,29,55,30,12,0.45
04/06/24 16:41,15.51,64.93,352.36,669.17,29,96,16,54,31,0.69
04/06/24 16:42,20.42,46.25,627.57,1092.11,22,45,9,76,87,0.7
04/06/24 16:43,27.63,61.88,432.87,627.94,21,91,52,95,96,1.19
04/06/24 16:44,22.52,64.81,238.47,1003.25,33,17,26,19,27,0.29
04/06/24 16:45,23.9,37.029999999999994,216.91,1104.49,39,26,24,28,4,0.28
04/06/24 16:46,15.17,70,434.93,2000,25,10,62,30,34,0.46
04/06/24 16:47,15.53,66.16,490.3,495.12,6,79,94,73,83,1.27
04/06/24 16:48,23.66,46.93,148.11,1689.8,10,83,87,71,86,1.21
04/06/24 16:49,18.18,49.91,531.07,701.82,36,65,91,55,95,1.09
04/06/24 16:50,25.87,55.65,601.34,670.5,32,32,2,25,39,0.37
04/06/24 16:51,23.55,42.230000000000004,736.97,1722.9,33,17,18,16,22,0.27
04/06/24 16:52,19.47,65.47,678.63,1030.73,34,2,28,97,84,0.57
04/06/24 16:53,22.5,48.0,362.52,1257.31,34,56,63,50,4,0.59
04/06/24 16:54,19.61,64.64,302.16,1614.17,38,37,99,97,9,0.67
04/06/24 16:55,25.02,48.04,458.4,1879.34,27,16,28,96,30,0.47
04/06/24 16:56,21.43,50.980000000000004,435.08,770.78,31,37,31,83,16,0.55
04/06/24 16:57,23.19,54.82,612.02,1859.93,20,53,40,42,71,0.81
04/06/24 16:58,15.52,40.69,741.83,1601.98,35,90,27,79,90,1.04
04/06/24 16:59,18.19,45.150000000000006,528.39,1797.06,3,88,74,92,90,1.14
04/06/24 17:00,17.25,51.42,832.01,970.79,26,51,82,54,61,0.87
04/06/24 17:01,20.81,50.71,126.76,1294.03,28,27,42,75,10,0.43
04/06/24 17:02,16.09,39.36,320.02,749.1,40,66,27,22,62,0.71
04/06/24 17:03,19.71,64.89,913.14,557.72,17,90,13,22,38,0.65
04/06/24 17:04,17.85,67.1,994.25,1384.2,10,55,20,10,17,0.4
04/06/24 17:05,24.31,39.41,478.46,971.46,16,45,81,63,60,0.85
04/06/24 17:06,25.43,53.21,115.33,1845.39,18,28,11,0,37,0.29
04/06/24 17:07,28.68,70,670.82,1470.51,39,73,81,98,21,0.97
04/06/24 17:08,19.0,61.760000000000005,788.52,854.72,15,2,3,12,43,0.22
04/06/24 17:09,28.55,49.19,409.26,930.13,33,75,71,99,86,1.12
04/06/24 17:10,18.31,70,339.38,1436.3,20,84,21,67,55,0.86
04/06/24 17:11,28.53,70,108.86,1285.21,28,92,62,27,2,0.68
04/06/24 17:12,19.59,41.83,811.93,619.23,18,69,3,53,62,0.73
04/06/24 17:13,20.81,51.31,961.83,1456.92,11,32,4,86,97,0.72
04/06/24 17:14,27.91,38.0,773.72,400,0,78,36,70,43,0.76
04/06/24 17:15,26.86,69.05,438.69,1860.94,19,66,39,48,36,0.64
04/06/24 17:16,23.04,55.010000000000005,224.43,885.02,16,1,27,68,77,0.51
04/06/24 17:17,15.69,63.290000000000006,740.28,1225.13,39,44,12,67,72,0.71
04/06/24 17:18,24.8,68.12,54.34,1664.4,18,84,61,58,7,0.68
04/06/24 17:19,21.39,56.61,572.19,1378.85,0,1,44,41,50,0.42
04/06/24 17:20,27.98,48.699999999999996,239.0,1580.01,37,23,60,24,13,0.39
04/06/24 17:21,25.26,36.09,465.85,818.78,32,86,41,47,19,0.67
04/06/24 17:22,16.75,49.92,109.48,1097.2,32,30,25,59,98,0.77
04/06/24 17:23,21.58,41.92,472.43,1421.46,12,53,29,94,26,0.61
04/06/24 17:24,15.38,44.57,475.34,1194.37,28,81,59,81,12,0.73
04/06/24 17:25,16.17,57.160000000000004,531.33,1841.57,1,55,77,72,68,0.97
04/06/24 17:26,27.66,44.339999999999996,925.72,912.65,7,33,50,3,71,0.56
04/06/24 17:27,23.23,62.05,519.03,1752.32,3,99,86,14,68,0.98
04/06/24 17:28,18.53,52.97,10.15,1919.41,31,65,69,75,42,0.86
04/06/24 17:29,15.07,64.39,387.76,1654.32,40,51,52,44,40,0.65
04/06/24 17:30,16.97,48.29,85.14,797.79,27,67,10,75,68,0.84
04/06/24 17:31,16.59,63.66,781.9,1974.94,20,90,7,38,21,0.62
04/06/24 17:32,29.94,70,25.11,1652.95,4,3,86,77,39,0.64
04/06/24 17:33,19.98,59.27,643.73,1873.16,25,23,46,77,5,0.41
04/06/24 17:34,24.43,70,932.51,536.85,23,97,97,93,21,1.09
04/06/24 17:35,24.52,60.98,161.13,1817.14,21,27,72,23,25,0.47
04/06/24 17:36,23.52,68.89,165.89,1774.89,8,64,69,0,7,0.51
04/06/24 17:37,21.62,64.84,979.45,1283.51,24,5,11,80,14,0.25
04/06/24 17:38,29.45,70,649.39,565.99,5,71,88,70,47,0.91
04/06/24 17:39,25.8,53.980000000000004,285.49,1917.38,25,6,88,16,55,0.51
04/06/24 17:40,22.2,59.78,436.74,587.62,38,50,65,63,52,0.7
04/06/24 17:41,20.77,35.260000000000005,146.62,749.55,0,62,99,7,66,0.86
04/06/24 17:42,15.08,63.38,418.96,1225.68,33,76,86,2,30,0.73
04/06/24 17:43,17.88,70,623.42,441.9,40,25,43,38,92,0.71
04/06/24 17:44,18.75,54.34,368.04,784.52,30,11,86,60,97,0.82
04/06/24 17:45,27.95,64.25999999999999,62.69,1082.09,34,93,41,30,56,0.88
04/06/24 17:46,19.7,47.59,955.32,1093.38,20,11,24,47,53,0.47
04/06/24 17:47,15.36,62.510000000000005,586.05,597.48,13,15,54,62,30,0.49
04/06/24 17:48,29.47,51.91,174.01,1077.94,38,79,19,48,13,0.66
04/06/24 17:49,15.44,48.74,186.1,711.28,32,93,6,47,77,0.9
04/06/24 17:50,22.22,50.56,928.1,942.34,19,30,70,17,61,0.6
04/06/24 17:51,26.05,65.67,673.27,1349.3,32,40,81,96,73,0.99
04/06/24 17:52,22.58,44.1,397.01,1137.47,1,31,39,41,79,0.71
04/06/24 17:53,23.53,42.12,870.56,1123.07,17,98,31,30,83,1.0
04/06/24 17:54,27.66,42.77,900.5,917.47,5,23,96,22,23,0.54
04/06/24 17:55,26.4,52.96,755.11,1550.26,13,98,88,52,92,1.27
04/06/24 17:56,22.87,68.01,275.99,514.87,8,14,4,83,43,0.41
04/06/24 17:57,22.04,47.68,931.06,1692.62,12,11,80,34,63,0.63
04/06/24 17:58,26.76,52.21,804.68,425.36,17,59,54,21,94,0.84
04/06/24 17:59,25.02,68.59,727.43,1042.83,22,65,23,46,39,0.7
04/06/24 18:00,25.78,70,760.01,1369.33,40,33,69,51,99,0.85
04/06/24 18:01,18.99,54.96,221.54,1944.79,11,55,30,62,23,0.63
04/06/24 18:02,29.01,69.36,358.69,815.11,32,27,41,20,88,0.7
04/06/24 18:03,22.98,52.15,312.48,1119.3,5,91,57,41,90,1.06
04/06/24 18:04,18.92,70,955.33,1540.02,13,53,17,82,17,0.51
04/06/24 18:05,25.75,42.34,385.68,1526.91,39,42,91,46,72,0.82
04/06/24 18:06,26.32,53.05,410.62,746.11,2,55,79,59,81,0.9
04/06/24 18:07,17.03,54.55,123.44,489.52,0,64,7,74,55,0.67
04/06/24 18:08,26.39,68.05,258.91,1651.76,1,39,82,36,74,0.74
04/06/24 18:09,25.74,61.62,244.53,705.87,20,26,13,35,56,0.49
04/06/24 18:10,20.48,57.379999999999995,852.27,941.91,25,59,20,93,2,0.57
04/06/24 18:11,25.22,38.39,11.15,678.2,33,32,74,17,48,0.59
04/06/24 18:12,16.03,62.52,372.12,712.66,5,5,80,77,90,0.72
04/06/24 18:13,20.3,70,153.44,1733.64,5,48,35,41,72,0.71
04/06/24 18:14,25.13,49.87,171.79,821.03,1,74,30,0,29,0.62
04/06/24 18:15,27.78,52.46,956.22,1438.1,8,98,92,2,4,0.73
04/06/24 18:16,26.66,58.92,340.45,1737.88,14,50,72,17,88,0.88
04/06/24 18:17,25.52,46.290000000000006,145.72,1663.96,0,70,23,88,13,0.66
04/06/24 18:18,23.04,61.14,617.74,2000,36,88,52,38,3,0.63
04/06/24 18:19,18.05,70,111.19,713.98,2,54,25,16,2,0.36
04/06/24 18:20,26.13,41.64,665.02,756.62,0,1,45,73,24,0.4
04/06/24 18:21,24.48,70,446.84,606.27,25,35,69,88,97,0.9
04/06/24 18:22,23.31,62.12,120.7,1583.74,36,82,73,28,8,0.67
04/06/24 18:23,19.86,69.25,602.24,1513.37,3,88,62,19,14,0.66
04/06/24 18:24,28.81,60.71,356.58,573.28,40,31,13,49,55,0.55
04/06/24 18:25,25.1,47.93,634.09,1534.81,12,3,39,92,36,0.48
04/06/24 18:26,19.16,42.77,948.65,737.07,39,38,66,40,70,0.78
04/06/24 18:27,23.84,58.29,236.77,1506.74,22,50,1,29,24,0.39
04/06/24 18:28,16.35,70,93.6,860.18,8,88,31,29,37,0.67
04/06/24 18:29,23.17,41.96,29.28,1609.14,36,68,49,5,58,0.66
04/06/24 18:30,28.01,60.09,416.71,1787.68,26,58,76,40,92,0.94
04/06/24 18:31,24.56,49.120000000000005,845.85,1825.04,31,93,76,52,49,0.92
04/06/24 18:32,25.97,52.23,168.73,596.63,32,76,22,20,9,0.56
04/06/24 18:33,24.11,36.040000000000006,103.44,400,6,9,6,27,19,0.18
04/06/24 18:34,19.19,52.48,496.45,1365.41,17,47,49,60,66,0.77
04/06/24 18:35,25.77,49.699999999999996,564.41,574.68,15,83,20,24,48,0.69
04/06/24 18:36,16.43,70,961.21,867.89,38,78,11,93,89,1.03
04/06/24 18:37,19.82,57.43,478.66,1584.25,36,37,5,41,3,0.3
04/06/24 18:38,18.81,41.99,234.91,533.22,29,95,41,9,68,0.96
04/06/24 18:39,15.45,70,766.39,665.3,7,80,11,73,97,0.95
04/06/24 18:40,16.86,44.59,237.0,642.17,40,6,95,50,38,0.51
04/06/24 18:41,20.07,41.92,115.99,1994.07,38,21,3,19,89,0.54
04/06/24 18:42,16.03,62.599999999999994,788.74,618.9,30,10,95,8,37,0.49
04/06/24 18:43,25.34,47.29,426.84,486.30999999999995,0,34,96,60,63,0.75
04/06/24 18:44,29.92,45.91,182.71,1046.13,2,82,68,9,90,1.04
04/06/24 18:45,29.06,38.74,685.7,763.1,0,33,48,31,25,0.47
04/06/24 18:46,21.52,66.37,738.2,1818.07,0,53,89,29,68,0.91
04/06/24 18:47,25.52,66.16,868.35,1707.6,19,50,98,99,30,0.87
04/06/24 18:48,15.61,56.330000000000005,356.7,1132.29,16,44,90,2,40,0.62
04/06/24 18:49,15.34,48.919999999999995,14.23,1482.41,18,64,97,43,53,0.92
04/06/24 18:50,29.91,41.52,113.34,1785.83,5,67,89,81,47,0.88
04/06/24 18:51,17.99,69.8,688.71,839.62,16,24,1,25,23,0.28
04/06/24 18:52,28.22,70,787.07,1067.51,16,51,89,71,49,0.94
04/06/24 18:53,21.57,54.67,654.21,1309.92,27,74,67,90,31,0.86
04/06/24 18:54,15.06,37.72,826.1,1747.39,7,100,80,10,13,0.76
04/06/24 18:55,27.44,61.07000000000001,655.76,901.75,38,55,49,88,78,0.85
04/06/24 18:56,18.39,60.91,106.08,1298.68,4,68,81,69,78,1.04
04/06/24 18:57,21.16,60.57,120.58,1326.17,39,59,17,33,36,0.55
04/06/24 18:58,17.34,53.91,48.7,1421.35,18,63,76,4,37,0.69
04/06/24 18:59,29.23,47.07,738.2,1986.49,13,42,82,27,17,0.56
04/06/24 19:00,25.96,70,776.24,1422.68,7,66,32,33,35,0.58
04/06/24 19:01,15.1,63.28,362.71,1424.43,7,17,94,89,5,0.6
04/06/24 19:02,21.49,61.800000000000004,32.68,987.27,24,80,34,81,97,1.02
04/06/24 19:03,16.38,70,133.72,629.33,30,76,97,73,27,0.86
04/06/24 19:04,19.38,68.59,607.99,1747.19,5,54,6,13,57,0.58
04/06/24 19:05,27.93,65.56,117.22,963.97,6,30,99,90,78,0.94
04/06/24 19:06,23.21,70,809.74,1773.85,34,60,55,94,76,0.88
04/06/24 19:07,21.95,68.31,226.64,555.17,19,88,83,49,78,1.02
04/06/24 19:08,15.87,48.48,501.14,577.52,14,36,81,10,21,0.52
04/06/24 19:09,16.08,70,737.85,796.31,36,40,24,57,97,0.75
04/06/24 19:10,21.77,46.62,793.24,1679.07,7,97,71,59,80,1.2
04/06/24 19:11,27.15,48.1,15.1,1725.63,19,44,18,92,69,0.7
04/06/24 19:12,18.45,46.199999999999996,975.53,706.7,22,57,87,69,81,0.92
04/06/24 19:13,16.91,32.72,773.16,936.71,30,23,5,25,53,0.38
04/06/24 19:14,22.77,53.18,803.24,1618.18,22,97,72,19,73,1.04
04/06/24 19:15,20.35,70,873.39,1722.15,21,27,92,35,74,0.71
04/06/24 19:16,21.47,48.779999999999994,979.5,1106.74,38,86,10,13,25,0.58
04/06/24 19:17,29.14,46.13,704.04,1573.11,38,70,100,91,51,1.04
04/06/24 19:18,22.24,48.76,778.56,631.29,18,60,22,29,31,0.55
04/06/24 19:19,28.62,44.2,712.07,879.24,21,19,58,92,39,0.64
04/06/24 19:20,25.91,70,220.2,988.75,16,21,55,67,28,0.5
04/06/24 19:21,19.15,64.81,551.04,531.51,37,31,24,60,71,0.67
04/06/24 19:22,16.87,69.61,396.63,527.08,4,83,75,68,54,0.98
04/06/24 19:23,23.03,56.17,811.07,400,4,7,82,11,88,0.67
04/06/24 19:24,23.14,38.5,459.13,1099.24,27,76,79,38,79,0.92
04/06/24 19:25,17.46,63.39,26.08,1378.09,1,99,6,57,99,0.97
04/06/24 19:26,28.21,44.43,662.96,1885.54,22,38,96,84,66,0.82
04/06/24 19:27,26.13,62.47,912.18,1141.66,18,1,93,38,72,0.6
04/06/24 19:28,24.27,70,20.63,1234.68,3,66,44,68,36,0.69
04/06/24 19:29,27.09,60.230000000000004,930.92,531.44,16,62,49,86,29,0.72
04/06/24 19:30,27.66,39.07,660.92,2000,37,41,64,13,32,0.51
04/06/24 19:31,26.93,40.88,58.11,1322.27,34,91,3,36,40,0.73
04/06/24 19:32,25.6,46.46,659.09,1193.19,10,57,49,7,15,0.55
04/06/24 19:33,29.4,40.230000000000004,817.32,400,4,67,4,27,83,0.74
04/06/24 19:34,16.67,55.96,844.85,1930.77,35,83,89,5,39,0.8
04/06/24 19:35,25.89,46.62,197.5,1596.66,0,2,91,4,32,0.41
04/06/24 19:36,29.99,34.2,891.36,1610.64,21,96,45,21,56,0.8
04/06/24 19:37,16.18,35.88,839.9,1255.68,23,19,65,2,34,0.39
04/06/24 19:38,15.1,51.660000000000004,829.43,1025.65,35,4,89,42,69,0.59
04/06/24 19:39,29.12,41.379999999999995,265.12,1571.21,13,38,74,88,5,0.63
04/06/24 19:40,24.26,65.53999999999999,706.83,400,8,58,99,41,53,0.95
04/06/24 19:41,17.75,38.88,147.49,1556.61,18,98,45,46,16,0.74
04/06/24 19:42,19.8,58.089999999999996,527.3,1501.13,12,10,100,84,76,0.78
04/06/24 19:43,28.93,39.29,159.43,591.45,14,23,67,54,17,0.53
04/06/24 19:44,18.63,70,709.06,1427.41,5,15,70,28,93,0.74
04/06/24 19:45,17.19,60.73,700.29,1737.93,31,62,14,15,30,0.47
04/06/24 19:46,23.17,41.56,710.85,1674.82,21,79,3,41,12,0.57
04/06/24 19:47,19.29,45.69,873.69,673.2,33,20,20,89,48,0.57
04/06/24 19:48,17.9,64.77,788.39,813.72,16,38,62,63,83,0.91
04/06/24 19:49,20.77,69.01,759.3,1631.55,11,88,45,24,19,0.64
04/06/24 19:50,22.57,47.53,445.87,1405.73,29,72,72,84,46,1.02
04/06/24 19:51,19.04,53.589999999999996,638.44,613.48,37,5,44,29,2,0.24
04/06/24 19:52,17.29,70,756.99,1279.72,31,20,59,98,18,0.56
04/06/24 19:53,18.75,57.5,800.56,1716.36,38,60,24,45,1,0.51
04/06/24 19:54,21.06,40.76,451.33,1567.99,27,62,54,66,87,0.9
04/06/24 19:55,17.15,65.61,553.24,1014.6099999999999,5,97,57,6,19,0.68
04/06/24 19:56,16.02,67.71,865.56,777.05,3,96,72,6,13,0.72
04/06/24 19:57,16.9,70,686.26,1167.38,23,44,61,83,94,0.88
04/06/24 19:58,22.92,70,509.8,1693.01,28,80,13,17,84,0.81
04/06/24 19:59,28.3,69.14,705.58,1369.24,28,81,3,80,100,1.0
04/06/24 20:00,16.3,63.87,685.24,1468.63,7,31,99,35,57,0.74
04/06/24 20:01,22.77,61.33,172.2,1498.93,27,31,43,33,88,0.66
04/06/24 20:02,16.36,38.64,179.64,1353.03,9,45,91,34,24,0.68
04/06/24 20:03,21.57,70,333.62,1174.08,28,3,32,80,23,0.33
04/06/24 20:04,25.08,54.72,374.69,837.73,31,37,63,78,10,0.52
04/06/24 20:05,29.57,59.809999999999995,548.02,610.27,26,38,51,94,11,0.57
04/06/24 20:06,28.55,65.73,304.66,1320.64,27,47,2,88,28,0.49
04/06/24 20:07,23.1,53.980000000000004,981.32,1986.19,27,27,79,72,17,0.57
04/06/24 20:08,28.75,55.52,435.75,1264.06,15,45,62,82,68,0.9
04/06/24 20:09,20.4,38.540000000000006,199.37,1310.43,35,29,78,57,100,0.97
04/06/24 20:10,26.03,70,547.35,1307.92,0,17,56,98,17,0.47
04/06/24 20:11,15.8,47.84,999.67,1752.36,9,42,68,62,40,0.67
04/06/24 20:12,17.22,59.42,252.98,1610.01,36,21,35,51,41,0.51
04/06/24 20:13,18.67,50.26,18.42,1879.34,33,11,99,90,44,0.68
04/06/24 20:14,24.82,63.24,894.8,497.38,20,67,100,92,21,0.91
04/06/24 20:15,15.19,70,919.15,881.5,39,85,86,45,36,0.97
04/06/24 20:16,18.73,47.35,820.58,1562.21,38,25,26,81,57,0.55
04/06/24 20:17,16.63,67.39,531.56,1462.78,8,99,96,48,33,1.0
04/06/24 20:18,24.31,63.95,283.34,692.78,39,15,91,16,46,0.58
04/06/24 20:19,16.04,45.51,641.36,1154.7,29,54,34,15,20,0.44
04/06/24 20:20,21.57,70,426.77,870.41,15,96,84,77,31,1.09
04/06/24 20:21,15.8,61.32,11.99,1867.44,12,73,4,33,69,0.74
04/06/24 20:22,24.56,51.43,153.75,1331.41,23,10,20,99,97,0.67
04/06/24 20:23,22.54,47.81,572.22,970.3199999999999,9,77,78,46,69,1.04
04/06/24 20:24,15.22,39.75,363.87,1883.92,21,0,95,51,30,0.54
04/06/24 20:25,16.15,69.46,938.16,1317.37,2,75,35,23,16,0.54
04/06/24 20:26,24.39,39.07,963.12,1750.9,15,78,65,38,5,0.72
04/06/24 20:27,17.38,59.49,41.98,1552.63,23,1,22,81,40,0.4
04/06/24 20:28,24.86,50.3,121.96,683.48,27,39,66,75,86,0.85
04/06/24 20:29,17.7,51.32,354.7,958.74,37,92,6,75,96,0.93
04/06/24 20:30,16.71,43.029999999999994,707.72,517.63,1,44,96,28,30,0.63
04/06/24 20:31,28.34,52.190000000000005,396.93,1604.64,6,64,3,2,51,0.57
04/06/24 20:32,29.08,70,702.29,931.12,9,55,100,39,19,0.71
04/06/24 20:33,24.38,59.18,68.22,754.25,2,6,90,61,56,0.65
04/06/24 20:34,15.12,41.8,387.43,753.55,0,1,41,43,59,0.41
04/06/24 20:35,21.88,66.72,720.64,1444.39,15,81,0,66,66,0.88
04/06/24 20:36,26.85,56.39,750.62,1406.75,40,7,27,22,14,0.22
04/06/24 20:37,27.61,65.72,957.31,873.1,23,3,34,52,24,0.34
04/06/24 20:38,22.75,48.26,232.03,1133.55,37,44,61,55,96,0.98
04/06/24 20:39,20.24,35.97,380.11,1713.22,25,92,6,52,10,0.66
04/06/24 20:40,18.17,70,438.18,1675.63,18,96,91,92,97,1.32
04/06/24 20:41,19.75,65.39,75.49,1332.65,6,52,27,84,49,0.67
04/06/24 20:42,19.66,45.519999999999996,786.53,936.34,6,60,39,58,48,0.74
04/06/24 20:43,28.47,40.15,616.31,970.4300000000001,12,56,31,85,86,0.97
04/06/24 20:44,26.88,56.9,428.64,1333.06,15,46,5,38,14,0.41
04/06/24 20:45,26.38,37.720000000000006,285.37,1032.19,33,74,46,42,31,0.74
04/06/24 20:46,19.42,44.93,271.24,1303.53,22,85,58,44,83,1.0
04/06/24 20:47,17.48,48.879999999999995,670.59,1120.02,39,48,43,14,97,0.75
04/06/24 20:48,17.25,67.99,271.16,400,0,5,70,35,50,0.53
04/06/24 20:49,25.66,39.25,77.99,1430.14,13,19,24,23,73,0.47
04/06/24 20:50,21.79,61.45,453.79,800.25,7,87,91,66,80,1.07
04/06/24 20:51,20.93,66.08,817.85,493.32000000000005,21,29,64,89,72,0.82
04/06/24 20:52,29.47,51.45,264.31,453.49,22,100,5,17,29,0.71
04/06/24 20:53,21.48,52.260000000000005,166.65,947.54,17,51,6,73,90,0.83
04/06/24 20:54,26.66,62.699999999999996,989.67,890.91,19,25,37,79,19,0.43
04/06/24 20:55,29.01,59.980000000000004,32.72,1593.55,9,20,71,72,1,0.47
04/06/24 20:56,22.28,40.81,69.84,1183.96,3,47,97,68,96,0.96
04/06/24 20:57,20.52,52.61,270.36,1255.6,3,31,36,81,99,0.8
04/06/24 20:58,24.02,41.94,684.34,1883.06,35,38,39,68,97,0.83
04/06/24 20:59,18.22,57.54,479.91,1534.05,40,41,7,3,71,0.5
04/06/24 21:00,28.44,51.99,917.42,945.5799999999999,11,60,27,85,67,0.85
04/06/24 21:01,27.93,70,482.35,1623.52,6,71,36,90,49,0.77
04/06/24 21:02,24.24,48.76,700.8,1842.3,27,51,74,24,69,0.77
04/06/24 21:03,21.82,70,240.9,1369.0,29,53,74,72,13,0.66
04/06/24 21:04,24.04,64.08,824.75,1758.69,31,4,6,93,85,0.61
04/06/24 21:05,26.43,70,536.9,1834.07,5,25,3,75,67,0.55
04/06/24 21:06,24.22,70,534.99,739.48,5,8,60,88,14,0.44
04/06/24 21:07,29.56,48.290000000000006,396.09,991.06,6,80,25,67,14,0.64
04/06/24 21:08,22.88,70,790.14,1915.62,39,70,66,56,7,0.65
04/06/24 21:09,18.76,69.87,892.97,412.64,12,12,53,7,30,0.36
04/06/24 21:10,29.85,68.94,556.06,1136.69,23,4,53,6,29,0.29
04/06/24 21:11,16.84,41.31,799.12,400,2,9,50,11,62,0.44
04/06/24 21:12,20.46,50.33,684.14,1039.67,19,6,66,0,1,0.23
04/06/24 21:13,16.13,32.900000000000006,884.66,1118.31,10,10,55,2,88,0.52
04/06/24 21:14,25.55,65.6,377.53,1631.24,13,64,60,0,29,0.65
04/06/24 21:15,19.48,69.41,754.11,1287.71,19,23,82,92,30,0.62
04/06/24 21:16,20.38,36.69,235.79,921.03,7,92,79,15,66,0.92
04/06/24 21:17,19.16,42.23,288.03,985.7,39,69,68,84,53,0.91
04/06/24 21:18,25.63,68.26,942.03,1920.58,13,84,94,29,10,0.84
04/06/24 21:19,18.32,39.67,607.73,1154.26,21,92,82,9,48,0.84
04/06/24 21:20,23.57,41.879999999999995,192.14,1569.42,11,70,94,69,77,1.01
04/06/24 21:21,17.59,49.36,249.42,731.37,23,80,85,28,31,0.92
04/06/24 21:22,19.65,40.330000000000005,439.52,1272.03,9,5,90,62,19,0.48
04/06/24 21:23,22.6,50.52,480.03,1259.31,16,0,68,57,0,0.33
04/06/24 21:24,15.11,70,676.23,738.68,26,20,66,85,33,0.66
04/06/24 21:25,20.68,46.15,497.59,1237.0,3,93,31,45,47,0.86
04/06/24 21:26,25.34,40.300000000000004,926.29,681.16,19,53,72,52,88,0.92
04/06/24 21:27,20.35,44.09,876.83,1540.87,40,2,67,68,7,0.4
04/06/24 21:28,16.89,42.650000000000006,810.24,1125.72,14,60,82,53,20,0.73
04/06/24 21:29,17.06,67.57000000000001,934.89,1624.36,14,50,60,79,82,1.0
04/06/24 21:30,27.17,70,86.19,1454.34,22,14,0,52,26,0.28
04/06/24 21:31,17.8,70,540.61,584.3199999999999,38,16,23,49,21,0.31
04/06/24 21:32,25.01,68.73,962.83,1475.66,26,98,96,74,87,1.32
04/06/24 21:33,18.45,70,791.71,1408.82,33,40,18,93,69,0.73
04/06/24 21:34,16.03,61.190000000000005,372.66,683.27,0,91,43,92,46,0.92
04/06/24 21:35,18.51,60.19,953.61,1106.6100000000001,32,97,26,20,15,0.7
04/06/24 21:36,25.1,48.28,862.44,1630.79,0,98,25,24,41,0.83
04/06/24 21:37,24.07,50.31,145.47,1267.78,22,36,1,68,0,0.29
04/06/24 21:38,17.01,60.040000000000006,402.55,1374.46,28,99,51,92,98,1.23
04/06/24 21:39,22.14,51.99,90.2,1101.17,23,4,56,60,17,0.38
04/06/24 21:40,25.62,68.32000000000001,599.52,1893.42,37,9,68,24,5,0.3
04/06/24 21:41,17.76,56.42,746.94,1381.52,13,35,80,76,8,0.61
04/06/24 21:42,18.36,45.13,750.29,1085.76,33,47,90,81,84,1.1
04/06/24 21:43,23.71,56.669999999999995,197.51,622.12,36,26,26,38,42,0.47
04/06/24 21:44,23.26,40.39,268.62,1605.29,38,93,24,16,48,0.7
04/06/24 21:45,26.79,65.58,314.92,1616.05,21,51,30,3,7,0.37
04/06/24 21:46,17.26,56.27,270.59,1292.93,22,69,95,91,95,1.23
04/06/24 21:47,22.71,54.76,497.94,1179.81,14,21,66,31,54,0.58
04/06/24 21:48,15.89,62.190000000000005,324.47,1417.57,34,11,8,37,87,0.48
04/06/24 21:49,25.53,62.39,90.73,1563.59,32,29,60,83,83,0.89
04/06/24 21:50,25.5,32.03,329.76,1829.7,23,42,20,7,26,0.36
04/06/24 21:51,23.14,64.3,702.14,1692.04,36,27,22,78,91,0.79
04/06/24 21:52,25.99,65.82,251.33,1329.31,19,86,90,92,7,0.91
04/06/24 21:53,20.2,64.28999999999999,278.65,1856.32,16,65,20,36,6,0.48
04/06/24 21:54,28.1,62.86,79.37,2000,33,57,25,83,70,0.8
04/06/24 21:55,27.91,44.01,574.49,1549.95,33,64,79,1,86,0.98
04/06/24 21:56,22.06,49.0,68.97,553.15,2,72,80,33,10,0.71
04/06/24 21:57,22.14,56.24,724.88,400,1,2,57,89,68,0.66
04/06/24 21:58,17.1,63.96,801.98,824.56,21,80,23,17,60,0.7
04/06/24 21:59,29.05,38.129999999999995,846.99,1479.9,10,66,22,70,64,0.84
04/06/24 22:00,27.89,49.120000000000005,0.89,1664.68,5,66,28,57,63,0.77
04/06/24 22:01,21.3,32.82,21.9,571.25,5,53,66,25,7,0.55
04/06/24 22:02,25.02,38.32,23.46,531.8,5,58,82,22,8,0.59
04/06/24 22:03,23.89,68.45,15.79,438.34,2,2,21,82,16,0.29
04/06/24 22:04,19.73,46.160000000000004,17.92,1359.1,1,81,71,21,29,0.73
04/06/24 22:05,17.63,45.830000000000005,19.36,1072.32,5,61,51,12,81,0.79
04/06/24 22:06,21.34,45.42,46.56,816.52,0,43,36,9,75,0.62
04/06/24 22:07,28.12,44.78,22.75,1600.33,4,38,12,50,27,0.41
04/06/24 22:08,21.65,48.0,8.51,1332.14,1,43,70,12,31,0.55
04/06/24 22:09,17.89,67.57000000000001,15.7,400,4,9,63,4,79,0.56
04/06/24 22:10,27.05,64.44,6.21,1501.8,2,59,17,90,12,0.63
04/06/24 22:11,29.15,60.43,36.03,716.11,2,18,35,95,69,0.7
04/06/24 22:12,26.35,36.39,28.65,1690.54,5,49,57,54,43,0.68
04/06/24 22:13,16.08,70,41.36,987.4200000000001,3,73,79,99,54,1.0
04/06/24 22:14,17.81,70,36.35,1146.83,4,69,87,93,63,0.97
04/06/24 22:15,28.91,45.31,26.49,609.37,0,31,63,98,24,0.66
04/06/24 22:16,16.31,67.26,12.85,982.6700000000001,5,90,34,77,68,0.96
04/06/24 22:17,27.69,55.18,31.5,974.51,4,52,55,42,5,0.52
04/06/24 22:18,27.19,70,28.16,1645.62,4,84,46,80,93,1.07
04/06/24 22:19,21.74,34.75,45.19,1563.29,2,50,36,45,28,0.6
04/06/24 22:20,29.36,43.550000000000004,38.48,1079.36,5,4,83,46,2,0.38
04/06/24 22:21,25.8,49.87,11.03,1531.55,3,25,96,24,30,0.54
04/06/24 22:22,17.62,51.15,0.09,400,0,40,44,64,36,0.59
04/06/24 22:23,27.22,58.86,23.28,408.91999999999996,2,24,33,1,70,0.45
04/06/24 22:24,18.35,47.27,9.14,1147.44,1,65,41,5,31,0.54
04/06/24 22:25,17.82,60.11,34.17,1796.01,3,52,17,84,28,0.62
04/06/24 22:26,23.64,61.76,36.67,566.94,0,65,88,86,24,0.88
04/06/24 22:27,22.14,54.49,48.9,1873.08,0,56,96,79,33,0.86
04/06/24 22:28,19.35,54.970000000000006,45.55,469.22,2,48,58,42,95,0.83
04/06/24 22:29,29.94,55.9,16.28,1371.82,5,79,55,55,97,1.12
04/06/24 22:30,17.61,45.160000000000004,5.99,969.6700000000001,3,91,37,11,75,0.86
04/06/24 22:31,22.78,47.870000000000005,3.96,652.4,3,64,64,6,21,0.66
04/06/24 22:32,21.81,31.73,25.77,1782.54,5,65,12,13,67,0.71
04/06/24 22:33,17.6,65.46,12.79,1579.09,4,95,53,5,29,0.71
04/06/24 22:34,17.96,41.629999999999995,46.21,1175.06,1,27,100,19,4,0.47
04/06/24 22:35,26.94,36.580000000000005,8.68,709.15,5,62,77,22,32,0.68
04/06/24 22:36,29.74,46.559999999999995,6.8,415.52,1,69,17,18,32,0.6
04/06/24 22:37,29.89,53.220000000000006,46.91,734.48,4,23,18,32,50,0.42
04/06/24 22:38,20.09,50.410000000000004,29.96,1122.18,5,18,32,57,99,0.67
04/06/24 22:39,26.69,49.72,46.68,1869.59,1,55,65,1,28,0.57
04/06/24 22:40,20.27,54.64,35.88,479.11,0,52,77,21,69,0.74
04/06/24 22:41,23.23,70,30.19,1489.12,2,55,97,88,91,1.21
04/06/24 22:42,15.9,68.21000000000001,16.38,1600.77,0,35,36,19,27,0.47
04/06/24 22:43,25.79,70,15.54,1034.96,5,44,50,60,45,0.7
04/06/24 22:44,26.91,67.53,49.39,1837.87,1,50,2,4,68,0.55
04/06/24 22:45,18.54,56.41,46.76,1551.19,1,56,92,49,53,0.85
04/06/24 22:46,29.29,47.64,43.64,1703.82,1,55,22,20,79,0.67
04/06/24 22:47,15.05,36.04,4.31,1902.59,3,95,40,41,45,0.93
04/06/24 22:48,21.6,48.3,13.43,1748.91,1,68,88,84,20,0.83
04/06/24 22:49,20.79,57.25,42.42,1929.12,3,54,29,7,29,0.52
04/06/24 22:50,18.11,70,21.53,1052.35,2,62,93,81,42,0.88
04/06/24 22:51,15.57,62.790000000000006,42.41,973.45,5,54,62,32,30,0.64
04/06/24 22:52,20.52,48.489999999999995,39.84,1806.07,2,68,81,43,40,0.85
04/06/24 22:53,29.15,70,38.83,1129.52,5,35,44,43,91,0.8
04/06/24 22:54,22.94,63.86,10.6,633.38,2,0,66,5,88,0.53
04/06/24 22:55,27.54,31.02,13.72,1352.85,3,87,92,10,26,0.76
04/06/24 22:56,16.32,43.94,18.22,1496.96,3,79,6,94,4,0.57
04/06/24 22:57,21.0,70,4.56,1361.33,0,38,75,66,26,0.67
04/06/24 22:58,17.21,52.010000000000005,20.81,1721.52,5,51,90,32,84,0.91
04/06/24 22:59,21.04,70,0.34,868.01,5,83,23,12,61,0.72
04/06/24 23:00,17.03,41.580000000000005,11.42,653.45,0,84,27,47,9,0.65
04/06/24 23:01,18.0,63.589999999999996,13.19,1548.62,4,26,64,8,29,0.5
04/06/24 23:02,29.21,34.940000000000005,12.97,956.79,2,98,38,22,88,0.97
04/06/24 23:03,22.7,64.77,33.23,400,1,8,98,53,89,0.83
04/06/24 23:04,19.17,62.85,1.92,569.64,1,46,99,54,24,0.69
04/06/24 23:05,19.21,42.97,32.58,1333.37,3,59,86,35,0,0.58
04/06/24 23:06,17.41,65.59,40.65,472.88,5,16,79,21,35,0.5
04/06/24 23:07,15.4,38.29,44.41,1363.69,3,26,77,3,9,0.36
04/06/24 23:08,27.47,62.23,32.29,832.56,3,70,90,84,80,1.15
04/06/24 23:09,26.04,35.339999999999996,15.91,653.48,5,36,40,4,86,0.65
04/06/24 23:10,16.72,68.6,22.75,951.7,0,81,21,78,89,0.97
04/06/24 23:11,27.24,68.23,10.8,1625.82,3,43,46,38,78,0.74
04/06/24 23:12,28.95,35.17,17.08,1878.74,1,56,74,45,7,0.68
04/06/24 23:13,17.75,68.27,24.16,857.79,3,82,77,40,54,0.97
04/06/24 23:14,24.14,64.6,37.42,921.35,4,98,1,76,27,0.71
04/06/24 23:15,26.27,48.35,47.43,1857.5,2,12,74,86,47,0.66
04/06/24 23:16,24.26,45.5,37.21,1461.19,1,52,49,79,90,1.01
04/06/24 23:17,25.98,44.41,3.49,1727.32,5,99,32,68,50,0.94
04/06/24 23:18,22.98,50.45,29.69,621.68,1,10,5,75,75,0.55
04/06/24 23:19,15.39,38.45,10.92,1237.96,4,100,44,51,1,0.74
04/06/24 23:20,29.75,49.709999999999994,13.1,1079.93,5,97,53,98,57,1.01
04/06/24 23:21,17.44,68.44,1.45,580.92,4,4,35,78,87,0.59
04/06/24 23:22,15.73,44.03,46.61,1747.19,2,3,31,24,51,0.38
04/06/24 23:23,17.62,58.400000000000006,6.47,1158.87,0,29,99,32,33,0.7
04/06/24 23:24,17.0,51.47,22.68,1444.25,4,100,42,66,56,1.06
04/06/24 23:25,22.98,42.99,2.14,1860.31,5,44,48,21,42,0.53
04/06/24 23:26,16.25,45.04,41.32,1201.13,5,55,49,38,26,0.58
04/06/24 23:27,19.74,43.43,12.13,838.02,2,96,79,80,5,0.94
04/06/24 23:28,19.04,57.650000000000006,19.67,1246.37,3,5,33,67,10,0.3
04/06/24 23:29,25.26,65.79,19.14,930.51,0,16,52,49,60,0.6
04/06/24 23:30,22.68,68.11999999999999,49.43,1749.09,4,100,72,6,56,0.98
04/06/24 23:31,21.98,70,33.23,1451.68,2,69,63,28,55,0.81
04/06/24 23:32,16.06,49.95,40.92,1340.44,2,65,15,83,10,0.56
04/06/24 23:33,18.79,70,13.33,1967.01,5,46,1,72,16,0.47
04/06/24 23:34,15.93,70,28.4,908.21,3,97,93,88,30,1.11
04/06/24 23:35,28.35,43.76,40.85,1781.68,0,10,31,49,34,0.37
04/06/24 23:36,22.05,37.38,11.89,1401.14,3,67,92,41,6,0.75
04/06/24 23:37,27.98,70,25.93,1545.2,5,97,87,94,26,1.02
04/06/24 23:38,28.93,39.620000000000005,45.75,1717.22,2,63,65,67,100,1.14
04/06/24 23:39,19.11,65.25999999999999,39.57,1015.19,3,13,14,76,8,0.27
04/06/24 23:40,29.33,46.550000000000004,18.14,584.86,0,92,67,11,17,0.76
04/06/24 23:41,24.43,38.970000000000006,0.91,400,5,5,59,32,91,0.6
04/06/24 23:42,25.83,37.8,38.07,1291.38,0,3,36,4,26,0.24
04/06/24 23:43,22.63,43.040000000000006,8.1,516.39,3,24,71,32,49,0.55
04/06/24 23:44,20.93,33.01,12.81,1197.49,5,50,28,12,41,0.56
04/06/24 23:45,25.2,55.09,30.29,1764.16,2,82,51,21,19,0.66
04/06/24 23:46,28.24,70,28.79,1513.85,5,55,69,97,27,0.83
04/06/24 23:47,25.22,65.73,15.89,1768.63,2,55,80,81,65,0.97
04/06/24 23:48,29.66,70,20.93,1568.46,1,45,6,34,86,0.64
04/06/24 23:49,19.92,52.98,13.37,1267.07,2,97,51,89,92,1.1
04/06/24 23:50,29.03,50.71,49.75,517.62,5,28,86,86,93,0.9
04/06/24 23:51,15.44,59.93,13.99,703.29,0,79,6,10,53,0.7
04/06/24 23:52,28.74,70,15.2,705.61,4,98,74,68,79,1.11
04/06/24 23:53,23.12,62.260000000000005,16.54,424.28999999999996,3,58,45,22,65,0.79
04/06/24 23:54,15.57,39.980000000000004,6.49,895.18,3,89,3,77,62,0.89
04/06/24 23:55,28.65,38.63,24.18,693.92,1,66,39,6,36,0.62
04/06/24 23:56,16.24,49.12,6.0,1233.94,3,9,2,28,55,0.32
04/06/24 23:57,19.24,63.29,6.4,1344.46,5,10,6,1,78,0.4
04/06/24 23:58,19.21,55.160000000000004,21.46,1869.06,1,30,34,11,16,0.36
04/06/24 23:59,29.26,70,28.63,971.1099999999999,2,13,3,95,74,0.61
