date,24H AVG LAeq,24H AVG LCpeak,DAY AVG LAeq,DAY AVG LCpeak,Evening AVG LAeq,Evening AVG LCpeak,NIGHT AVG LAeq,NIGHT AVG LCpeak,Lday,Levening,Lnight,CNEL,L5 LAeq,L10 LAeq,L50 LAeq,L90 LAeq,1am LAeq,2am LAeq,3am LAeq,4am LAeq,5am LAeq,6am LAeq,7am LAeq,8am LAeq,9am LAeq,10am LAeq,11am LAeq,1pm LAeq,2pm LAeq,3pm LAeq,4pm LAeq,5pm LAeq,6pm LAeq,7pm LAeq,8pm LAeq,9pm LAeq,10pm LAeq,11pm LAeq,1am LCpeak,2am LCpeak,3am LCpeak,4am LCpeak,5am LCpeak,6am LCpeak,7am LCpeak,8am LCpeak,9am LCpeak,10am LCpeak,11am LCpeak,1pm LCpeak,2pm LCpeak,3pm LCpeak,4pm LCpeak,5pm LCpeak,6pm LCpeak,7pm LCpeak,8pm LCpeak,9pm LCpeak,10pm LCpeak,11pm LCpeak,12am LAeq,12am LCpeak,12pm LAeq,12pm LCpeak
1/1/24,65.89515574,88.09041986,66.64789943,90.72754631,65.90780104,85.93308616,64.76099108,85.21667457,75.33211129,71.58894135,68.60610732,76.88851687,73.49687006,71.33998034,64.65188145,61.93528559,64.94225723,64.62107103,64.26192035,63.79030805,64.09259857,65.2168248,65.7913689,64.47164776,64.78409932,65.20710187,65.96512543,67.26430627,68.64372977,67.616568,69.55991953,66.39414703,67.46155646,66.96469297,65.55861396,65.75269949,65.35504416,65.05911409,84.95418848,84.62936175,84.69544303,84.4022408,84.50286249,84.90860895,85.5293044,84.61701137,84.99445062,86.11695794,88.57434408,90.89321323,94.53218663,98.68073624,101.7665404,90.18060431,88.02047674,86.75691168,85.48489255,86.10718547,85.38320217,87.2176195,66.09222489,86.4124598,66.61470377,94.82434678
1/2/24,66.62396951,89.52329244,67.6778382,90.01655238,67.3387807,87.91696077,64.68781503,89.5865196,71.73648152,73.12848244,69.34453641,76.71666544,74.43337286,72.52807162,65.54217488,61.88322224,63.41129506,63.44606811,63.67843831,64.4900783,64.89717913,66.61539418,68.51655612,67.95578006,68.32268654,66.78467573,67.74423797,67.58458214,67.23705806,67.87060081,67.54965784,67.23581337,67.42798164,67.76801485,66.82290237,67.06697251,67.69735233,66.69962051,88.87029461,91.23072302,90.2527639,90.3533273,90.80682863,90.30655313,93.83626981,94.3269727,94.29409042,87.47510259,91.22561277,88.87987519,88.4677832,89.61341693,87.85152582,86.93260992,87.42990447,87.38995035,86.33811444,89.84631525,88.09331661,87.51720158,64.26832239,87.3730951,67.90416765,89.86453271
1/3/24,66.53905801,87.41002839,68.12343808,89.19504666,66.64702007,86.5696666,64.11109192,85.15509358,71.32301408,72.67355861,66.85571399,75.14487575,74.24394955,72.55409113,65.53833051,61.80450148,63.07102193,62.78150692,63.61905394,63.73477642,64.47329445,66.82558542,67.82030723,67.52960853,67.61466293,68.23306837,67.57471935,68.85562238,68.92294912,68.15107961,67.84921466,68.65924714,68.45554817,67.5136012,67.06667091,66.29998828,65.70793649,64.94139025,84.11227964,84.05070139,84.61078327,84.72236051,85.36009521,86.88455917,88.2345179,88.36212763,87.19374633,88.01827958,87.73532886,95.55686466,94.32940786,89.82756998,87.79655863,87.11888469,87.41021985,86.77987237,86.50994252,85.90623034,87.08260455,87.23515112,63.44757795,84.27257083,67.81501196,88.75609672
1/4/24,72.55931241,96.01420729,72.35348523,97.04323698,66.24974301,86.83147842,76.01888645,99.05846604,81.65527917,70.78705478,87.14918237,92.57324116,85.57525285,84.40442813,70.22447541,62.73356611,64.14232443,74.61406302,86.17930448,85.39995212,84.49056444,84.37974433,83.25739919,82.03285677,75.7477013,69.34715539,72.99470502,70.46476422,69.05917069,69.43346627,68.76963741,68.06074416,67.62765525,67.27739501,66.5513575,65.84348928,65.32675932,64.5309867,89.40894089,102.9826039,111.8075603,107.9954611,102.2742139,104.9174561,99.46191232,100.8564138,98.56228235,100.1163812,109.2508222,98.36963055,93.44366323,93.19131093,91.7171861,88.35281301,87.61026371,88.22032126,87.48909586,86.14074783,85.47575794,85.2402066,64.51545316,87.94062264,71.44742533,103.5869886
1/5/24,67.42805157,93.14929293,68.93416657,94.7698224,67.32783604,90.63677929,65.22133861,91.9760344,76.26022231,74.96537835,70.3681573,78.6894472,76.00212436,73.45306028,66.40541771,62.15542082,64.4121566,63.12351053,63.91051824,63.86710812,65.40123228,69.4835531,69.2817558,68.49701262,68.41510545,67.76653856,68.06179738,69.31850607,69.2167637,69.52403888,69.66671059,69.28502645,68.0659903,68.83071994,67.18881054,66.55310603,66.73866901,67.41481,85.22609845,86.8803486,93.96884286,90.98839792,95.22248444,100.1175127,100.1828073,96.6362013,95.05333606,92.66358573,92.30139058,95.66323937,94.53181418,95.09992807,94.15219917,93.13364736,91.71525488,91.94290736,90.36782203,89.13938724,91.09692578,96.3917917,64.1673333,87.05543554,70.11069952,96.10437413
1/6/24,72.40737418,99.31613014,75.20170208,103.3898166,67.31719597,88.96994275,70.76266265,98.37948487,87.61146634,72.12630914,81.62947095,88.93303473,87.5723123,86.53409794,69.57525022,62.95657659,64.75324603,63.76739029,65.20627534,68.21271805,83.3090165,86.74439405,87.74507665,88.75962569,85.20495784,79.82200402,69.65618869,69.82281853,70.16744137,72.14262671,70.63347842,68.83531127,68.83938833,69.47483493,67.16043636,66.58164841,66.05211217,67.29525758,91.68747825,87.53381659,96.7539511,105.537247,107.7466905,108.6748508,113.7850701,116.7087703,108.2536565,101.0049031,97.26981655,99.72757711,103.3499748,103.997445,103.8218137,93.55605683,94.19949501,94.71353842,88.7082603,86.44691238,86.01183386,89.66584919,66.84826243,99.42656574,70.79088133,105.0046258
1/7/24,66.47911704,88.72630228,67.54323629,90.01455839,66.69785336,86.6679529,64.7753823,87.82407769,73.28797455,71.45462341,70.53538133,77.46121422,74.19155592,72.60816299,65.25341418,62.04611777,64.50526844,65.10569112,64.64413165,63.44426117,64.61538144,64.65415291,64.9414354,65.16005306,65.95876384,67.0764419,67.78352018,68.16635188,68.53888754,68.36247511,69.08241635,68.46921931,68.65290435,67.79048731,67.03287817,66.52719217,65.44115936,65.7954076,88.72393078,86.15991025,86.16851349,88.58403727,87.12925291,87.0638124,86.12739791,87.28014598,87.31526191,90.7011813,92.66189759,93.01216362,91.56505756,90.28146006,91.5874401,88.14399069,87.94038105,87.10686466,86.78486536,86.18754591,86.59265761,87.3139794,65.43295488,91.41780915,68.32647543,93.55916659
1/8/24,67.13081467,89.41979126,68.90096004,90.45027332,67.5022221,88.47341398,64.29307146,88.34848195,77.17313502,75.1560383,66.22346855,77.58350627,75.32873021,73.50806391,65.96396915,61.99121421,63.75336103,63.71546926,63.1651663,63.41687459,64.25771023,66.27772925,66.99770003,68.06896364,68.09852233,68.20481966,68.33161488,69.89106489,70.16840493,70.38070442,69.74664103,69.14527961,68.64081191,68.20730417,68.34176837,66.99715675,66.46251879,65.39826205,89.35787226,90.97383646,90.22756518,88.26827519,87.52077831,88.12153034,88.20670774,89.88634402,91.14505534,91.81283482,92.46152113,89.15169492,89.48967255,89.99159955,92.82288197,93.31395797,88.96053018,88.22827003,89.96774926,89.24108392,86.45676602,85.35521435,64.3596634,86.97507243,69.13718249,88.15979939
1/9/24,77.06596357,105.028709,82.70346192,113.7513175,81.66710458,100.5656715,66.47523716,94.54169953,92.71176467,83.61718536,76.50799058,90.80610575,93.1041444,88.28867359,77.4348974,63.32681433,64.42338103,64.61586413,64.01210786,64.92909617,66.29753616,72.94179258,76.33642324,78.74007228,77.64251396,78.89683063,77.6144108,85.48508666,90.25841726,89.65480681,86.45122673,86.95655444,86.62693826,85.30093166,84.48441119,81.88781133,74.99532545,69.80040244,87.92047919,87.67841028,87.67271483,94.44926333,97.30648861,110.0677695,115.1316708,119.0941746,118.2183647,119.065152,117.1108943,117.0201391,120.0319063,116.0356425,107.5122972,102.5301693,101.1915601,100.3308106,100.2257898,101.1357646,100.5704796,104.4053948,64.68394467,86.14320834,75.63657098,114.4435315
1/10/24,68.66292083,94.95155935,69.52539138,95.11071728,67.34724098,88.13142816,68.02772314,98.11924584,76.46721501,73.68319586,81.84834288,87.36110696,79.2603193,75.09552146,67.54911471,62.73927833,73.08545171,69.3283433,65.61428355,64.75584851,65.70019028,67.19398871,68.41046862,68.94818517,69.7679782,70.08482303,71.11038861,69.97796246,69.50680029,69.11936104,69.80080191,68.36827073,68.18332189,68.90813731,67.67984097,66.74769785,66.05336199,65.10042454,112.8499743,107.4625646,98.18303316,92.02491306,88.34859287,86.91637467,88.17678941,90.09296119,95.04707029,99.23478569,102.3715904,100.9025401,99.19675743,95.80357596,91.86557169,88.61791409,87.5321264,88.37355113,90.61362573,87.12860241,86.40952223,85.32680954,73.39672329,113.7073179,71.02681686,102.4882556
1/11/24,67.10602916,87.45212007,68.64956499,88.98025306,67.55939629,87.67099888,64.56674148,85.05303417,76.97088535,76.27379452,67.58554775,78.2188672,75.0801188,73.07639864,66.05608847,62.05035374,64.27020002,63.4535875,64.05663532,64.16193049,64.33989201,66.84506269,68.18921915,67.92058183,69.04779616,69.36500514,68.29283076,68.58850435,69.92006704,68.99410196,69.09571877,67.82940632,67.89545745,68.22742651,69.35946248,66.80966896,65.8405496,65.11433508,84.79102483,84.04208577,84.44449282,84.93802588,85.09447618,86.64155636,88.4105409,87.51397833,88.36267009,89.02519093,88.5650107,89.17495885,90.49127953,90.40749768,90.22715618,87.9585413,87.55439031,88.15293271,88.87576562,87.16457512,86.49039404,85.78441181,64.29435445,84.69105942,68.65608966,90.07195406
1/12/24,73.38678866,98.23599382,78.92297572,100.6891924,73.26760193,111.0486823,65.1508758,88.16043598,85.64058917,84.22049064,73.3407462,85.96007067,87.77848857,87.01863399,70.72862024,62.39514585,64.46150929,63.34314814,62.90364693,63.20757195,64.36787745,66.67202824,67.46432941,67.48572139,82.39782464,86.39809516,86.71877354,87.36452819,86.48152605,80.19438562,72.05930977,70.79989451,72.01170328,73.3916179,73.02377378,73.73675195,72.91839444,70.40985695,84.72039952,84.05112953,84.17549731,85.30446095,86.8409736,87.58888119,87.93994455,88.33906678,100.7784303,103.1147791,105.8356906,106.84318,105.4652769,99.06082541,96.67740024,100.0184696,105.954803,111.0250048,109.0446866,112.2605703,111.8648042,105.6722836,65.83508074,86.93816824,87.70213577,108.2441871
1/13/24,67.51338613,93.29260186,68.12984828,93.19013446,66.90779962,87.42829461,66.8921549,96.37524084,74.75618965,69.89987441,77.87706815,83.51308831,75.44736076,73.52471366,66.48252829,62.3479819,66.83050615,71.48431032,68.64096782,64.71534649,64.49211293,66.07306831,67.82592212,68.10198557,67.15198426,67.97190686,68.90512854,68.30836551,68.21464163,68.04109378,67.78203662,67.85800828,67.99489758,67.69737167,67.02596593,66.87114516,66.03670556,65.58709092,96.35930115,109.0249771,105.8737849,94.36454705,90.02040312,92.41514458,96.25493085,99.58160355,95.37574582,92.79601935,94.06661546,94.83298886,92.5091436,92.57365634,89.67871961,88.1538541,88.32665852,88.15695732,86.86698706,87.46156773,87.22767556,85.86556854,67.31060648,97.07391526,69.40227655,94.13100555
1/14/24,66.42235383,87.96645809,67.16849704,87.95963201,67.01829213,87.36678198,65.00667098,88.27621226,73.036263,72.95818004,73.89728374,80.0965317,74.53234073,72.71902284,65.12960759,61.76802775,64.78866042,64.61527319,63.64971274,64.82761742,64.38483963,65.06688789,66.39829209,65.3439864,66.60741804,67.46343056,66.81221518,67.27411766,67.60418006,67.53004254,67.48674085,67.6668599,68.39880138,67.5771701,66.9121106,66.62146498,66.96257811,67.40509445,86.0904582,85.61743458,85.07077418,96.04704998,92.38955678,86.14742766,89.21856558,87.27586555,88.6509184,88.32996042,88.2572752,87.38507993,87.49486815,88.44436046,87.92037582,87.06187712,88.08255126,87.06873501,86.97093308,86.79625155,88.63112545,88.67381532,65.31280566,86.18975382,67.43548331,87.3936389
1/15/24,66.48466979,86.67250626,67.87437412,87.81461117,66.60202924,86.36998423,64.34371279,85.11227538,72.78708659,70.27317519,71.59486437,78.0096459,74.53385601,72.80966942,65.26268978,61.68926122,65.53942852,63.08996938,63.03722138,63.048237,64.01213642,66.19031395,65.94900635,66.35221924,68.67688663,69.5227104,67.97238232,68.28261185,68.08844128,67.77837166,67.37511589,67.67453618,68.61384061,67.09467267,67.02800975,66.65764235,65.62780765,65.41801132,85.9745144,83.93696425,84.53527329,84.36164774,85.08266938,86.31514644,86.28455984,86.93486532,88.15476225,88.07734606,87.52080112,92.70934842,87.80345757,87.19426106,86.84631857,87.04042834,87.77565205,86.53338055,86.42638452,86.5697211,85.95050623,85.99607457,64.41396347,84.69936252,68.20711724,87.43478332
1/16/24,71.75054156,93.00278885,77.50960313,97.33386447,67.97501382,93.50361562,65.00650629,86.26255145,84.69250248,72.09605704,69.23040994,82.64265513,85.37801085,83.67922369,69.71756666,62.58361758,63.87680917,63.6183134,63.28638332,63.36882564,65.7114931,68.69022703,69.09746367,69.64955225,69.55694957,80.24467573,79.63523423,82.09707373,85.95777719,84.03813034,81.98855764,79.99568308,70.76313479,68.64046394,68.63291471,67.23724805,67.3896114,66.82634841,83.8610769,84.191242,83.88242059,84.14498064,85.47255214,87.07051753,87.97487559,88.63395561,88.62301146,100.2685153,100.448514,102.321787,105.5243396,103.3796503,98.56574752,96.64813189,90.52032633,94.09284614,94.43487945,91.37981603,94.10717962,94.63542229,64.67606957,86.83856064,77.08994928,105.0976011
1/17/24,67.59301868,91.57099512,69.05032024,93.0036654,67.6948941,90.17633071,65.35850766,90.12088272,78.2266479,71.04295392,73.63794527,80.68079819,75.84981314,73.65350745,66.53073948,62.47672041,64.4445787,64.46636603,63.94414293,64.75992232,65.74813095,68.39990916,68.75165042,68.67750582,69.38460659,69.36787619,69.15363952,69.13225713,68.70422017,68.76983001,68.66098192,69.32592062,68.8987636,69.86302394,68.055154,66.92714133,65.93435724,65.8793117,88.2558832,92.15431072,90.23121902,89.09876638,90.19276107,95.07609321,91.28393013,94.02278545,94.37958844,93.20477178,94.41628492,92.04868054,91.64097581,91.96334759,93.72910301,93.85109953,92.29371255,94.24491779,90.58791232,88.43019985,87.44240724,86.31080041,65.22683872,89.65080312,69.7764964,93.21023751
1/18/24,67.31838094,88.73537909,68.87572743,89.41698176,67.33197224,86.91003889,64.97792308,88.62575561,76.08803267,72.11942311,69.70320817,77.78371465,75.48990724,73.43553671,66.19164497,62.08625238,64.47212268,63.85603532,63.64509067,63.73618715,64.70790031,67.15229669,68.46344669,68.82293384,68.49106738,68.30497688,68.40234153,68.89535925,69.88864396,70.11501165,69.13910993,68.33163187,68.52669091,67.55277072,67.83395883,67.45970224,66.48151854,65.43143948,87.52307302,90.48653019,90.42276435,87.66899202,89.50729993,90.42961975,89.74940861,90.36300897,89.22642729,88.50519181,88.55618504,88.76475908,89.87743925,91.9582228,91.22595825,87.71884977,87.75663196,87.03875675,87.22622931,86.82234147,86.55286378,85.4993574,66.80742211,87.47810649,69.12743531,89.3017664
1/19/24,67.17686109,89.34487217,68.63000455,91.2416871,67.85708748,90.27512011,64.65956836,86.03785695,74.93983051,74.19295091,67.85537486,76.97029976,74.83259807,73.10897602,66.19352283,62.16549167,64.01272126,63.48665257,63.07006442,63.61229343,64.44331756,67.28053838,67.78840288,68.05813549,68.52083347,68.40211199,69.11132195,69.85432391,69.54046892,68.99988697,68.12435721,67.92022126,68.6183699,68.2457198,68.01766457,67.74295862,67.42205157,66.35242042,84.52550853,84.10320838,83.76240445,84.20971308,84.89151846,87.25455394,87.57226521,87.72808891,88.96122481,89.53667733,93.40930296,96.38838133,96.04611733,94.24813039,91.0955071,87.59843653,88.60073033,88.03456438,89.1409368,92.39710886,91.52755523,92.9567236,65.015655,86.595642,68.62166143,93.71579617
1/20/24,67.8206178,95.35220846,68.38933963,93.82572998,68.80360336,98.0888137,66.47754235,96.27267449,75.9877119,73.98632854,72.11450831,79.40952289,76.16025368,74.13893017,66.9613499,62.36105176,66.1276052,67.78003404,65.49742696,67.11716193,66.68070848,65.53939014,66.59022242,66.71019022,69.08757373,68.61960891,68.93172254,69.17884233,68.90222586,68.34752397,68.4299082,68.74284015,69.27695269,69.65940865,69.20870218,68.4600262,67.8862593,67.47984934,93.84064151,102.0022026,94.81866019,103.42219,98.41401225,90.47312275,89.20833593,92.69938833,97.03634198,96.43196242,94.10592378,98.29220326,97.17702263,94.17901102,93.06922169,92.17539795,89.85410283,98.35467019,98.57213706,98.76195011,96.66617601,94.59528564,65.60626853,92.64835087,67.85425925,91.68031993
1/21/24,68.60108037,99.87899941,70.06699235,102.3975369,66.93201928,92.15069398,67.23831215,99.96542774,77.65141798,74.6995189,73.98103937,81.07318444,79.07281609,75.43511193,67.51948438,62.63574752,65.94627659,66.24693277,68.27548748,67.81754137,68.580687,69.41497379,71.26309014,71.8929139,71.22600376,71.3571149,69.2902896,68.96417362,68.83731871,69.98586065,69.27855109,69.50098554,69.73207895,67.73025664,67.83851588,66.42282102,65.73615131,65.34277847,95.82293961,98.07828928,102.4951623,103.550287,105.5516433,107.5081115,110.7058275,112.2889945,109.3151332,108.0514014,100.8490835,97.68591172,96.35447086,101.2287808,100.0082856,98.4328767,94.26233021,91.62739671,93.60695713,93.01785662,90.35006512,90.24385544,66.29087347,96.50573228,69.47497975,99.58423571
1/22/24,66.8907844,89.82050991,68.42610185,91.02147532,67.21254441,87.16228865,64.42950413,89.34857187,73.26415757,71.71313356,69.01528624,76.53136399,74.57642725,72.83289425,65.89358783,61.89312397,63.70371779,63.12864147,63.26547235,64.03221684,64.6897587,67.01380281,68.41157516,68.04857153,68.3078453,68.93656779,68.45031472,69.33217971,69.33046738,68.39993018,68.36444957,67.73288699,67.95033667,68.82831798,67.64130202,66.76498985,65.61557301,65.32345248,88.39558245,88.33670085,89.94191797,91.33407254,91.16443036,89.99400241,91.39666866,89.971566,89.63866774,91.12442347,89.53947093,95.38769668,96.89992252,92.54387342,89.13542696,87.96069508,88.16366206,88.54888066,87.38740921,86.82055239,85.89234475,86.06163639,64.2806587,89.55888668,67.84822687,90.49602769
1/23/24,66.94062755,88.78320183,68.4851312,90.66791278,67.58780661,88.75979122,64.25285541,85.91760651,74.93341808,74.47196636,68.49251446,77.31483951,74.8771508,72.92980627,65.84683315,61.88064052,63.38494208,63.04039154,63.36835152,63.55602069,64.19065385,66.65785288,67.99496125,68.17471338,67.92952194,67.84212236,67.97717142,69.0765062,69.46247785,69.15702222,70.18178166,67.83652358,68.1340572,68.06233654,68.34423613,67.64629514,66.29837489,65.55145338,84.33104011,84.66147123,89.49600553,86.18295866,85.36943597,86.1559651,89.36414629,92.2780103,92.63874793,89.29911778,88.30168861,95.66500185,92.13947763,90.63204561,90.4728468,88.19202079,88.47398517,90.1239419,89.17413872,89.51920289,86.22209236,85.78888631,64.32358514,85.27833922,68.05083303,90.5338278
1/24/24,67.40198404,90.14953756,68.97017292,92.9312318,67.26071225,88.50686388,64.57280667,86.03291528,76.70522516,71.54825897,70.15250002,78.16025311,75.57288076,73.26238412,66.37728157,62.09736871,63.46592017,63.24759319,62.97003244,63.495431,64.70750906,67.06881993,67.81711956,67.84283706,68.12380403,69.23141251,75.31412231,68.77394167,68.41562238,68.06182744,68.47572295,68.09386666,68.02464137,67.58456564,67.89015869,66.97780198,66.59049759,65.30447814,85.23348545,85.02839777,85.69124377,85.72254734,85.80851685,87.10387525,87.72505964,88.10631183,92.15911992,99.43175942,112.8200843,92.48011903,92.6188153,90.46994611,90.57977643,88.66848327,88.03138653,88.45786458,88.94684366,88.0841754,88.53869412,87.19964041,64.40235769,85.13529516,69.59895745,95.33785659
1/25/24,67.93559774,90.90923408,69.02011124,92.56169168,67.98417653,87.86896056,66.28629437,89.95173959,74.80570043,72.06883879,72.75885288,79.37129531,76.54448403,74.61945948,67.12848839,62.39963913,64.9387074,63.38054471,63.33431339,63.64596919,64.56657771,67.44987718,68.83542049,69.3851572,68.80279632,69.18246091,68.90144721,68.71929323,69.1469465,68.73017345,68.77996585,67.96350298,69.92338796,68.68508799,68.17706637,67.29540266,67.77895774,76.27073719,91.38368721,85.96855305,84.28973055,85.29556666,89.20997489,93.36597943,98.46205955,95.04057834,91.87020951,93.8781904,96.82725275,93.47031795,91.34399337,90.08634122,88.33647158,87.61411177,88.3285355,88.15220971,87.35458291,87.48834195,88.48060191,95.07925242,66.70196977,94.97948248,69.87102163,95.48224823
1/26/24,71.87229748,91.76922228,70.71900897,91.83994268,68.01332296,87.97557282,75.52777434,93.55797072,75.17691902,78.6833309,77.96464116,84.21609392,78.60722523,77.56627455,72.35647481,64.18233058,76.51680932,76.37966993,76.78560264,76.60686213,77.5763247,78.06580827,77.97092711,77.05498835,73.06128203,68.75007012,69.91991424,68.56695609,69.12631896,69.08946892,68.5767505,68.39171901,68.76940857,69.42736018,68.07052207,67.6573639,66.89812872,66.11660122,94.41272248,94.46995853,93.79594695,94.24673782,94.61314738,96.54919575,95.93946045,95.33067933,92.11263784,92.40742996,91.48523056,91.04280913,90.95628589,90.89200687,92.14393229,89.99674353,88.75695407,89.25484603,87.97303608,87.82846428,86.84598647,86.09180226,76.17026232,94.27930142,69.35012144,91.01472529
1/27/24,67.72191595,93.42938828,69.49818708,98.64912883,67.83174256,92.67611284,65.00548825,85.98435442,79.46438804,73.41140188,69.33267052,79.26059127,76.66365248,74.07141274,66.46594878,62.3287386,65.38112375,65.02400265,63.93927593,63.75374582,64.28166826,65.57754896,66.48353364,66.22757922,67.72795167,70.46457985,70.33623984,70.2922231,69.66623716,72.44943626,71.41519219,70.18514695,68.31164421,68.01169343,67.87227833,67.91329507,67.52975339,66.2636374,85.57944288,85.37361623,84.58099042,84.47037345,85.21419164,87.85951471,90.57947252,86.96609607,93.46796123,102.2276062,101.9138154,100.335309,99.15465055,107.2271734,106.2008286,103.1917203,92.08757486,88.51642245,89.88108816,95.60384528,96.70193967,88.78326681,65.81607892,86.0134637,70.41859387,100.4376527
1/28/24,67.77036707,96.81445756,69.42330144,100.5515286,66.98547084,94.01731487,65.68568847,92.61198007,77.68484889,69.72998567,69.54075794,78.08081907,76.89351278,74.0934203,66.47832776,62.47982082,66.48384959,65.96313926,65.01336251,64.01790755,65.22433512,67.05490581,67.20954325,67.38778562,67.6230035,69.77158046,69.65992599,70.7547865,70.6739066,69.89564263,70.96572888,69.16724152,68.84549077,68.45007303,67.12514221,66.4356271,65.93129519,65.72814611,87.91675447,92.79215193,94.38867034,91.62851591,92.83538852,99.43143216,97.5993115,99.12533416,98.68433642,103.1460502,101.5901406,102.7546712,104.4240975,100.4091612,102.5223161,97.10263204,95.47475836,98.70699667,94.62174395,91.19220099,91.54883595,91.78870175,65.9969392,90.13399177,71.12523931,103.7870582
1/29/24,66.97556294,90.82113635,68.45528586,93.08271204,67.13176597,86.65270029,64.68032015,89.51443103,75.57853804,70.01799813,67.68339453,76.32558284,74.74190594,72.87151734,65.9283514,62.05644796,64.18452334,63.28630841,64.01790893,63.79182923,65.02788771,67.02904757,67.78792316,68.16291492,69.58631775,68.50695705,68.59259417,69.00702693,68.41207835,68.88088413,68.12615992,67.65775715,68.02640943,67.67619261,68.93966879,66.48500638,65.42572205,64.35628423,93.01124082,88.62231782,90.52441248,88.38324513,88.38677719,88.2374659,88.66132477,90.34803672,99.88639185,97.54768145,96.74958814,93.87027934,92.81552648,91.24142325,91.60905093,88.87919282,88.19755992,86.87937122,87.53812968,86.48060006,85.71243895,84.17732294,65.74004869,94.73091323,68.71610514,97.18506929
1/30/24,66.94323259,89.60716052,68.57981854,91.70451348,67.37125651,90.30440255,64.27717664,86.11622058,75.51663039,73.91824533,66.10646082,76.47385037,74.75265515,72.94850971,65.76079738,62.109322,63.8639122,63.50917019,63.41459325,63.66886891,64.59837375,66.99459537,68.23405603,67.83330492,67.95845552,67.77259827,67.82610704,69.07739481,68.73839901,68.57444892,69.95582177,68.44833777,68.76942833,67.88307227,67.85051963,67.6591825,66.09233165,64.38676547,84.76090826,84.49919242,84.12041317,84.49093953,85.21562672,89.94978124,88.34311457,88.16100132,88.06325055,88.83249074,88.73450254,96.20873487,94.23495842,93.75186151,94.37053064,93.61373494,93.60060274,92.62385645,89.97002834,89.35431925,89.26914218,91.27330215,63.78495313,84.63115202,69.76926138,92.53884966
1/31/24,67.62506921,92.64223564,69.43971848,95.93936111,68.12394605,94.40864025,64.65681293,86.81952708,78.16745365,71.98170753,67.51714985,77.77607483,76.33137729,73.82093452,66.54826323,62.25757197,63.41805913,63.74485389,63.69399786,63.5526099,64.86577168,66.90405296,67.97938913,67.96079433,68.4283654,68.98011055,68.96747923,73.20960375,70.75927366,70.08088288,70.4222479,68.58572354,68.07016734,68.34087079,69.23386719,68.03042876,66.89059146,67.61510465,84.87796301,84.76546229,84.17312779,84.12159015,85.25221816,86.49915712,87.88005714,88.8609593,91.76578056,95.26657337,97.01390799,109.393803,100.0118528,100.2190311,97.76131363,92.75860195,88.60072136,89.72452091,94.61273848,98.00369353,95.29460698,95.64366618,63.46936813,89.20325363,69.83208498,101.7382532
2/1/24,66.67957261,87.33223489,67.91610152,88.70037092,67.09377851,87.44031962,64.61986552,85.22822845,74.25301761,72.44599986,72.51799673,79.14298387,74.31246267,72.70783951,65.57340143,61.71746061,64.49949082,63.7314001,64.50758046,62.98545916,64.70618555,67.16741111,68.31325516,68.25158038,67.49111313,67.07336264,68.04703458,68.22284371,67.9368337,67.92633579,67.6133946,67.68312897,67.82440532,67.34339062,68.04259514,66.99924665,65.98985535,65.18322563,85.50394006,84.32353871,84.8860587,83.45260941,84.98009825,86.83183459,88.16964191,88.63911669,87.85570876,90.37296002,88.70923596,89.07535706,89.84393921,88.73322501,88.09394674,87.86809095,87.25980495,86.96873735,89.38132886,87.43780436,85.97340723,85.162468,64.18207435,86.6731874,68.60975865,89.78360153
2/2/24,67.24442697,89.09738492,68.67436153,91.56135049,67.61014066,89.32656952,64.91901067,85.29067872,73.92816453,72.07462057,72.20397045,78.82077174,75.55171626,73.47637917,66.17222649,62.02292018,64.29828354,62.9352854,63.42368354,64.04413637,64.9341376,67.38726117,68.16537151,68.1348169,67.30101956,67.96853029,68.7501807,68.29660148,69.28883765,70.54200935,69.62288274,67.9312623,68.31949857,68.20869413,68.26554891,67.13052964,66.83597207,66.73818399,84.75902132,83.54779982,83.95563631,84.60934363,85.68120216,87.1400894,88.48567902,87.97083667,87.6440819,89.78616909,93.27491846,92.40724177,92.45666153,93.60309587,94.14598138,89.48496267,92.95976184,92.81786577,89.16730388,88.1904798,87.13058439,87.0384164,65.58656801,85.5922586,69.77081974,96.51598057
2/3/24,66.55948691,89.4742522,67.43594261,89.45247979,67.80780342,96.09186619,64.62269372,86.20151336,72.56839657,74.24087354,68.0203545,76.45000195,74.33876008,72.69007099,65.47771952,61.76451296,64.87873652,64.63515976,63.64087328,63.06749587,63.95656242,65.39345678,65.6132059,65.54764928,66.69019769,66.73783739,67.96053342,68.17658285,68.27106989,68.10599377,68.20690232,67.77122643,68.33813612,69.38170594,68.0166504,67.66576874,66.16752593,65.72790219,85.90395693,86.09124488,85.02604973,84.36346575,85.40782015,85.5574125,85.29390423,85.19437363,86.33870372,86.33026363,89.96117904,93.06515628,91.23289958,92.24184976,91.07107792,89.51048598,91.8157471,97.59800297,96.92662353,97.72233156,92.12092518,90.37768229,65.67244639,86.87954363,67.81160106,91.37260441
2/4/24,68.8341422,93.07532467,72.58858209,99.74018505,66.57643649,86.78354579,64.33594404,86.23083716,86.89594772,74.09186778,70.22002998,84.67235779,84.62272781,80.27148769,66.20487628,61.6935306,65.1895947,64.17214123,63.55093031,63.12811184,63.17702469,65.01111189,64.83024814,64.93507713,66.59920546,68.01101063,74.6858377,76.25738507,85.44164185,81.40254294,74.35946944,69.76322402,67.89335807,67.72714744,66.93157003,65.96195316,65.6852243,65.43109437,90.6456453,85.2654476,85.44172114,84.25076858,84.14136811,85.57179788,87.43982275,88.39441467,90.25658811,90.7720574,103.6346251,115.4381936,121.0151569,101.868255,98.18161724,96.97735511,92.30479043,86.95670572,87.24140342,86.78412854,86.15199374,86.02671082,65.02183822,88.483644,76.88400604,110.5992934
2/5/24,68.40361435,94.40640517,69.00814435,94.99533274,72.27439995,105.4617208,65.56439992,88.00217049,76.76145447,80.82481833,75.9081539,83.37206611,79.20786328,76.25685982,67.2690572,61.78137238,63.15775457,62.87914195,62.71742076,62.99667804,64.26789384,66.53281156,67.98757727,67.48692659,67.81130629,67.4377935,67.64435035,68.64067501,70.07726399,69.04597034,69.17452706,71.28440591,73.2590082,74.17266466,72.43811195,69.30132413,73.18520044,76.24362138,84.04182129,83.96855532,83.79520799,84.25640056,87.10955211,89.03247982,92.61154067,88.60411242,88.01182471,88.38385124,89.97516978,94.42479573,100.070662,96.65374233,98.13853033,104.1248543,110.0003254,111.7442701,107.7486445,101.4393659,100.9152307,103.4774073,65.71816125,88.3324438,68.24750185,88.94320774
2/6/24,69.88584416,101.8161335,73.49856546,107.639351,67.98825908,96.00877955,66.48725852,97.73825021,84.97933036,73.93715456,74.46752158,84.21040801,86.29411236,79.61948909,68.25239282,62.53427162,66.1893852,66.63420526,66.38596022,64.13700605,65.64763711,68.09769283,69.20320803,69.8906202,73.04629284,73.59648101,,77.2271262,77.6511076,78.52094932,76.49941233,70.5262392,68.89800073,67.91821038,68.54813062,68.33240903,67.15444183,65.93613907,99.54612924,101.9585796,100.7952598,91.70399095,95.72169487,98.3196876,98.26242327,102.3282815,108.4296655,111.6725906,,114.5360697,116.303229,115.9860193,113.3258168,100.8696146,96.63745091,95.13749535,95.64628042,97.16106739,96.09017432,90.21042226,69.1971697,104.3933427,,
2/7/24,67.95962325,94.53438133,68.77986015,95.43457877,67.38810323,90.21592991,67.01591724,95.34249367,76.30817662,71.9223529,76.7299105,82.70826635,78.40666689,74.39019191,66.89833046,62.28533925,64.40082051,64.0029055,66.33905083,78.08280402,65.789325,67.44125606,69.90495538,68.84041903,68.89127647,68.75097797,69.60191686,68.62405641,69.28801132,68.82849896,68.60990746,67.63718534,68.18256325,68.4235834,68.15224466,67.23005688,65.74681569,65.59742446,92.66070737,93.72509907,99.15304454,110.6445418,96.86731056,94.19315729,101.1354952,98.70764241,98.12812373,95.74459031,98.7410001,94.60718489,96.00128402,94.37469443,93.38746025,90.60153157,89.92151022,92.28231994,90.35173631,90.48601519,87.74422234,86.11294141,64.49361175,89.42897224,68.19879522,93.86505231
2/8/24,67.26513493,89.45082159,69.04951141,91.72384092,67.45268498,88.16686371,64.49742497,86.68588164,77.7581484,74.23114994,67.53932083,77.97383566,75.73681932,73.31560324,66.19826482,61.95747181,64.12611172,63.72101087,63.00629197,63.06272055,65.4854292,66.57747259,67.93203821,68.42263895,70.81881454,69.20940269,68.29838194,68.95387968,68.95262733,68.73089803,68.72043062,68.25084136,68.73058309,67.77799951,67.41984699,66.7529267,67.86005709,65.62882139,87.46214823,87.96035919,86.72592058,84.95496103,87.07396206,87.60658782,88.87840554,90.18629346,93.61750536,92.00721115,91.25339983,95.78331393,91.95189445,90.00177913,90.98847546,88.86890856,88.71519682,88.48733441,88.44849183,87.28432176,88.44739591,86.07110309,64.37236173,85.64000252,71.57406514,98.43429694
2/9/24,67.17772888,88.08258351,68.6289181,90.22422186,68.00709672,87.90476414,64.58886888,84.96217884,79.07596114,80.76357203,68.73391248,81.07741885,74.90165005,73.07470524,66.05859486,62.18536304,64.19763871,63.31584697,63.12320016,63.7086929,64.5115998,66.94818553,67.39142331,67.33993035,67.67210426,68.32461164,68.47479149,68.82760734,68.65314101,68.37410367,69.00274447,69.2938287,69.62910782,68.56025557,68.04609275,68.48139013,66.94078021,66.39256452,84.50217519,84.08493609,83.89690328,84.41675866,84.87853186,86.76633916,87.40034268,87.13183641,87.97785707,89.83844688,89.21083193,94.12199489,91.84706961,89.96421391,91.53816555,90.63076611,89.30202338,88.24067646,87.85363632,88.59565996,86.92927579,86.37059492,64.51397271,84.78281105,70.56392077,93.7276678
2/10/24,67.04361554,88.33605149,68.11806112,90.54072,67.70764387,87.54653134,65.10188888,85.42673935,76.51284868,77.17341982,70.9293661,79.59892722,74.78991792,73.11208113,65.96695102,62.066986,66.62566121,65.00019926,64.16417177,63.28119374,63.78476808,65.60086629,65.60160924,65.78646404,66.57330317,67.30381862,67.97554466,69.58843788,69.20025667,69.31073013,69.34135165,68.42054239,68.96554765,68.54221378,68.04097479,67.13835199,67.10912755,66.53517162,86.35573701,85.52129381,84.76415506,84.06084568,84.66571886,86.01369797,85.70641222,85.64555356,86.14450951,86.68280365,88.42649164,97.53440412,94.38034186,92.34064364,93.17924845,91.63474032,88.71127079,88.3494158,87.81210052,87.13435093,86.89033187,86.56182117,65.81762164,85.47078287,69.34919075,96.10324592
2/11/24,67.03608575,91.35401708,68.72881957,96.19470548,66.24913526,86.34177332,64.89275248,86.60422392,78.53225861,71.24956735,68.70773783,78.28938006,75.37525049,73.21532265,65.77005055,62.06063252,65.13434054,64.7912591,63.4996583,63.11897575,64.49210945,65.55702307,65.61292097,65.62815044,66.31697778,68.14965252,69.29049265,70.22422642,70.78965353,70.14870405,69.42953746,69.85723388,68.48209406,67.18828153,66.30772484,65.92425478,65.57618965,66.86646934,85.22068962,85.10573863,83.74080959,84.64242627,91.81191531,90.00883986,87.88896752,88.57615019,92.12770864,96.18317552,100.691694,100.3401974,98.64188943,100.3411161,99.42098724,96.10088669,92.52231837,87.565158,86.41157505,85.93231378,85.45793269,87.09051202,65.67594246,85.22592969,70.81580733,101.500448
2/12/24,71.76975993,100.389745,73.26448269,106.4624433,79.84031778,102.9447308,65.49871366,90.01365649,85.56214794,83.52519869,74.07263616,85.84085647,86.45508131,82.37231119,69.91725427,62.74782305,64.45027039,64.51192809,63.25287215,63.64654575,64.77994128,67.29999559,68.06716703,69.54522154,70.67287672,69.84605701,68.62003845,76.23344627,76.77477253,76.62081609,74.92530536,72.52972224,82.6874085,81.88077638,81.31740509,80.65060958,75.51304703,70.7874397,85.49632132,85.05937531,84.12202161,87.04625679,90.35607824,93.23173806,94.93726992,99.54510375,104.5515893,98.86095237,95.34785534,114.7906954,114.7605171,116.1688034,112.7090725,108.4607478,109.2255936,102.915876,103.2283699,103.0850546,102.5496145,107.5374823,65.26367117,87.28630025,72.65021786,108.191413
2/13/24,68.14913375,94.62349805,68.91138004,94.00859863,67.59811907,87.11543287,67.28214495,99.29517401,77.83004984,72.52252016,76.19389203,82.51685454,77.10787133,74.03259554,67.17538512,62.73953042,68.53322191,67.98047374,65.02221578,66.31993039,67.20327342,67.32887539,68.58191826,69.50025893,69.93947004,68.90593331,69.38889666,68.32093825,68.79651186,68.56883405,69.08929312,67.76543552,68.07810615,68.24991682,68.56825421,66.80959266,66.76449347,66.02079425,106.2180702,105.9971083,96.12227296,102.1263856,97.13064041,93.09308364,95.00245497,96.9588157,97.4438197,98.20262999,97.36629252,92.37811165,92.21557132,91.37555284,90.18504596,88.13115886,87.4746701,87.73535925,87.4953921,86.68830277,86.54255867,86.36862336,69.82686063,107.2394277,70.00098661,101.3677007
2/14/24,67.39129189,90.43174717,68.35566451,91.72834581,68.26916061,88.49392286,65.50769593,89.45674349,74.98168882,76.16315365,68.87657392,78.01169695,75.04617436,73.17552721,66.51158252,62.33386921,64.36938313,64.0237288,63.96274002,64.35752638,66.41210161,68.57495558,69.04208179,69.20354366,68.24421749,67.82796693,68.33283177,68.04620127,69.12303722,67.81736953,68.01467709,67.22250712,68.65156746,69.60272332,68.42819457,67.43089862,67.61519647,66.76498348,84.73182341,85.56774541,87.74237728,89.35678675,95.59254853,99.28771424,99.12597344,96.86273534,91.70144182,89.78848954,90.23126036,89.07903128,90.22952841,89.54428577,90.63550023,91.85743162,91.60711336,89.7919879,88.8684288,87.58376803,87.73186737,87.8527951,65.59536211,85.55269318,68.74200755,90.07839124
2/15/24,67.19966209,87.75636624,68.25680943,89.07928897,67.58601509,87.39366775,65.42245629,85.95503735,75.03578774,75.26925087,70.53521036,78.53576238,74.9582344,73.0209352,66.24496831,62.15304039,66.37382323,64.49582653,63.43470869,63.75848275,64.84034692,66.73252232,67.18610588,67.10709056,67.26267161,68.11273989,68.00318806,68.80761103,68.62807622,69.56011553,68.45324358,68.01224458,69.00286802,67.8866528,67.76825598,68.19384846,66.49538667,65.98964547,87.31203691,85.07687755,84.57266248,84.49822633,85.33207918,87.08899851,87.59826559,87.29265115,87.49093765,88.0362767,89.31818471,90.10748235,89.95519518,90.63823929,89.10993065,87.61870751,88.96774945,88.05312404,86.85409043,88.18373315,86.48390661,85.81754387,67.73539561,87.92554072,68.94554192,92.81759436
2/16/24,67.2195433,88.45189608,68.64542884,90.96648274,67.63347281,87.64352517,64.87597996,85.08738639,75.44385318,76.09830482,70.90677223,79.03351532,74.71747608,72.96981937,66.25482568,62.27135412,64.42403664,64.09687871,63.40633365,63.63213881,64.68864036,66.80948228,68.26773015,67.25916651,68.16068097,68.13442328,68.31659363,68.92721275,69.17267358,69.17878619,69.59063405,69.63998423,68.42629166,67.9477162,68.11584343,67.34769283,67.12277282,66.92714967,84.5636231,84.46800394,84.11374144,84.01108327,85.26753466,86.37441846,88.84133611,87.20462945,88.12474769,88.09022281,87.85841623,90.374123,93.332837,93.97294741,96.69127172,98.07407059,89.40876956,87.91532728,88.11584582,87.2298733,87.31318552,86.78225135,65.02236147,85.11837928,68.67108973,89.62521279
2/17/24,72.38859318,90.79086572,71.6878062,90.15886764,83.93515777,100.0050166,67.67124311,87.13546945,78.17396358,84.03728181,76.55417977,85.01237747,84.60574567,84.24732348,70.00495652,62.43618722,65.00534067,64.52652747,64.37819899,63.95822294,64.64890596,66.05437226,67.68362785,67.59153005,68.31054737,68.58454281,68.11042393,67.97437427,68.20844926,70.35715362,77.4157466,83.78054844,84.1359026,83.81633406,83.81613647,83.87673156,84.23139596,84.39301331,85.10994033,84.78045088,84.31556686,84.01246477,84.31593916,85.51658446,86.64613889,86.39934306,86.36909226,87.66478617,87.23880863,86.60742929,87.018069,87.71965044,96.59451966,101.8964933,100.7346415,99.92680975,99.54213689,100.5940127,99.95708532,100.768802,68.40216206,88.25688064,68.09832567,87.01490576
2/18/24,84.88310006,104.7807612,85.51765601,104.259908,83.09968094,103.6576278,84.82306028,106.1221918,86.33798054,85.36497811,86.80702116,92.99824651,88.97707262,87.75298045,84.91089781,81.77112963,84.9459073,85.40485474,85.33395886,87.3651664,85.957793,87.73645286,89.00388924,85.61608316,85.29361325,85.41237783,85.93258871,85.09958818,85.22568074,84.69428534,84.42782247,84.75813539,84.52635865,84.471924,84.55838642,82.71065276,80.6581659,79.31138027,111.4162723,112.4968498,104.999711,105.6176879,104.5487608,105.0683694,106.248727,104.7208009,105.5333125,104.3946299,103.0576491,103.3736052,103.0963815,102.9940934,103.0512612,105.3611034,104.3790997,103.4725698,104.9715721,104.2645257,101.9222087,98.8105806,82.54749522,106.0174245,86.22129965,104.9080083
2/19/24,68.10092547,90.4261396,68.62187464,92.10705331,67.4628166,87.30878457,67.63898732,89.4643236,74.23229648,77.73567714,73.28824157,80.63006688,78.77375102,75.03994788,67.08527084,62.41723261,72.2817452,65.25644539,63.74489575,63.68909794,65.4550548,67.57200398,69.11229034,69.18843581,68.85362824,68.14371797,69.09565464,68.34609276,68.37496524,68.6385886,68.23294512,68.56265371,68.19392457,68.50337201,68.27495929,66.94182867,66.13133209,65.3706053,93.61921667,90.55938308,88.32892246,85.30096014,87.85873653,87.84125312,90.35165758,96.41773757,94.58392126,92.39046957,92.05719148,93.13906042,92.54629445,91.74245489,90.21576096,91.12313188,88.84605237,88.1609626,87.56886063,87.37058608,86.13480122,85.86435733,77.65940859,96.28565246,68.71959442,91.87171748
2/20/24,66.74990015,87.42876188,68.00239812,88.89276575,67.47066847,87.64721797,64.51302223,85.12584775,75.64668685,77.77295253,67.4370658,78.34965026,74.16058581,72.50082637,65.62703803,62.04092062,63.75063523,63.27742883,63.22344228,63.61572188,64.82592007,67.18436125,68.3230738,68.2918252,67.60752129,67.31190825,68.5337918,67.63759274,68.37365857,68.05024583,68.04450511,67.72037125,67.8725236,67.4975943,67.55292934,67.95709604,66.87507707,65.762449,84.2397403,84.24408419,84.12240688,84.74052044,85.42296895,87.47957415,88.30665458,87.90342042,87.68937162,88.2810209,91.27405839,88.47870532,89.58384982,88.66551855,89.47002913,88.41055169,87.62116631,88.66918956,87.58062175,87.41881136,86.92023071,85.77220208,64.46450972,84.98627475,68.26201004,91.02927793
2/21/24,67.09835574,90.36824789,68.94031799,94.73832118,66.81448195,87.00759408,64.43054697,85.40772094,75.83516478,69.16752393,67.50538285,76.26166751,75.17935812,73.12264728,66.10124741,61.99749553,64.46890557,63.21683048,63.08205156,63.91250143,64.75727315,66.92164424,67.79803416,67.97206795,68.93113142,68.44832603,70.25459665,69.25258807,69.42538374,68.72096495,69.51762252,67.89844234,67.99855703,67.22356288,67.17646578,66.85821502,65.99945767,65.01548494,84.68279572,84.00072759,84.13763556,84.39738921,86.29175434,90.08980426,89.33504433,92.06401299,94.92846961,96.9113105,102.1909252,98.01703473,97.93849057,92.79061314,92.33170834,89.63485303,88.74096207,88.46387907,87.11920244,86.78546382,85.66145697,85.31008636,64.07692642,84.3168506,71.05565774,101.9097089
2/22/24,66.95322559,88.81236111,68.53505941,91.9711397,67.34850822,87.40586489,64.41821036,84.8470189,75.07156963,70.94925705,68.75937374,76.78360302,74.67581686,72.94085461,65.92426111,61.97383133,63.51851832,63.49828708,63.40535732,63.35615968,64.460081,66.97688351,69.04735066,68.39119084,67.81031687,67.49349436,68.24494477,67.67922161,69.52771422,69.00668407,69.61551526,69.31832723,68.41428347,68.50193969,67.47824548,66.92695369,66.48693008,65.66756694,84.05956574,84.34408215,84.13746989,83.93358927,84.83104521,86.85465592,88.57411918,88.13415418,88.02195311,87.64162042,89.31754723,91.52545526,98.60992043,96.09922259,94.16339393,99.3157275,92.12155172,88.88919356,87.20605307,87.11648614,86.41167125,85.85141838,64.46224812,84.7647415,67.69809476,89.4071205
2/23/24,70.24873336,96.20142982,74.38540568,102.9996465,68.50389874,93.63620484,64.92117986,87.29514311,85.27074489,75.30315469,67.76373956,83.14024461,84.76778085,81.89168704,68.13129916,62.52289879,64.6590467,63.98863784,63.39260721,63.55371391,64.51858615,67.2836359,68.63852264,67.91668745,69.37955146,70.1034294,74.38932892,78.45334028,75.77768557,83.59905371,81.78836895,74.88090105,69.23479639,69.24490493,69.46597691,67.79461674,67.51036371,66.85444609,86.60396929,86.85026709,85.17881682,86.48386928,88.3999944,91.61111135,93.08119872,90.29768384,96.89662317,101.3342742,111.1164426,119.1300396,104.4069932,103.6948051,103.4756453,98.60950409,96.0349439,96.95437513,98.8708951,89.44980682,89.2711968,87.67103899,65.11746967,85.57606315,78.46334106,117.9186394
2/24/24,68.00534966,92.82097711,70.07816297,98.896917,67.79632837,88.90461239,65.00366391,85.67245032,80.8803786,73.82885038,70.22710569,80.37769773,79.09605241,74.96306902,66.42364761,62.12999096,65.16939983,65.09062875,63.67212453,63.60786551,65.90870281,65.16794288,65.89537949,66.09353122,66.95279382,67.25918046,68.79481394,70.058451,70.80081629,75.47646429,74.81752296,74.34050123,69.99651857,68.01275111,68.76581119,67.74195947,66.66447721,66.15016104,85.84683563,85.7540107,84.43921387,84.48513852,86.41478422,86.60041724,86.56959233,87.2567871,91.09927407,87.87705312,93.24582696,102.1131917,102.8260816,112.449194,113.2319489,111.5358413,99.56811719,91.37546006,90.09483808,87.65661996,86.49086078,86.29951268,65.26010298,85.54038724,70.45164795,98.98861215
2/25/24,66.36188388,87.38337164,67.29466593,88.57630921,66.86626411,86.99737338,64.71218242,85.78857086,73.45730544,76.02619541,69.54199952,77.93721911,74.28157482,72.47201865,65.15771699,61.64899995,65.36067263,65.31807428,64.87194027,63.57595647,63.41374616,64.39740796,66.34885538,65.3236574,65.7456514,66.73138628,67.69298847,68.01347677,67.61675298,68.10238412,68.05399687,68.80060974,67.66245946,68.18245132,67.50073905,66.21976526,65.56192118,64.87612453,85.56664857,85.22915319,86.80027566,85.6868013,86.94323055,85.38894257,87.89128185,86.99105114,88.40318818,86.26732718,87.45556619,90.89963584,89.39778861,90.56082283,89.71014792,88.64056939,87.36985268,87.54175065,87.17564246,86.60026865,86.67172143,85.14194023,65.87398308,85.55363327,67.44423396,89.3285005
2/26/24,66.92694777,88.28487977,68.26091315,90.71695489,67.57790959,87.67181088,64.6027329,84.94646385,73.33319406,76.36235974,69.1451623,77.85025527,75.07646809,73.06953572,65.83345341,61.80505561,63.30215663,63.7621263,62.96977458,63.41697802,64.5822113,67.62041083,68.13008438,67.73106372,67.6665741,67.71417634,68.55565702,68.40399149,68.97377021,68.52839955,68.6280235,67.83020411,69.18934884,68.95841767,67.8845999,66.67520261,66.79320016,66.93654398,83.88276447,84.43624446,83.66898477,84.03169998,85.00782268,87.16171442,87.93350142,88.062776,89.20841302,89.21650249,91.33418941,90.7696173,92.15216176,93.07725202,93.11164748,91.73014453,92.1551735,89.25925855,88.04530793,86.83618403,86.54618026,86.47456123,64.23384067,84.90767087,67.77939293,89.85194436
2/27/24,67.45354635,90.80233813,69.2216644,95.24635413,68.14389959,88.9776708,64.45904359,85.05408396,75.76379359,74.90864239,74.02101188,80.76665951,75.51547806,73.3934148,66.49161889,62.19881275,63.73875615,63.32826229,63.79366154,63.44652438,64.40854692,66.71348351,67.98394892,68.03754123,68.3714969,70.31665432,70.32476176,69.78474397,70.20868833,69.3222075,68.96712083,68.90698048,68.89994482,68.4774494,67.56787309,68.77574229,67.75442537,65.65899328,84.61836387,84.08327026,84.60514206,84.1059311,84.84894527,86.82082897,88.1570569,89.72106063,92.15669288,101.3981585,101.6140182,97.94621875,100.0046897,94.86233031,92.07547676,93.61479518,94.37993266,91.62272883,87.86201119,88.87184446,87.55370306,86.10169123,64.58294253,85.24682138,69.53556005,97.02450725
2/28/24,68.66487662,96.27105013,71.44009352,103.1049523,68.09974741,88.74811389,64.9038515,90.07230115,84.06766881,73.94925972,73.52620669,83.3390512,80.97172505,75.76840738,67.30821047,62.43132526,64.42769017,64.19644877,63.49455523,64.28184308,64.43954539,67.34085217,67.7900268,68.38476317,68.9510101,70.95346645,72.61317232,74.51775311,74.92924455,75.52018689,72.28432224,69.85246552,69.02732453,68.41891724,68.23500835,68.89876404,66.84633757,66.3904569,89.31146465,95.08182847,92.6310715,93.29948562,87.43183002,88.34086811,88.27733365,90.33778096,97.07109076,104.720551,106.9960276,112.3723857,112.5992566,113.7080372,108.339408,100.7027713,94.77267853,90.96314221,89.09966179,88.45534408,86.47440517,87.50225287,64.66104798,87.0025454,72.96732517,109.4961066
2/29/24,68.39129493,95.72247418,70.28598856,99.5525404,68.13744663,94.68726571,65.67875094,90.4999253,77.78836191,75.90089111,71.79230332,80.03971849,77.79725893,74.67336437,67.48396551,62.60600794,64.40816981,63.98738942,63.92522022,64.72144407,68.44486682,69.19355646,70.99196256,70.67455235,70.388151,69.15680975,69.65497938,69.06060366,70.25714409,70.910133,71.96041998,71.04432857,69.63116793,69.35029124,68.53664583,67.7593854,66.9031211,65.92919346,85.3198836,85.40047467,85.90794835,87.37488635,104.2621925,101.0082706,103.1369961,99.14934409,96.70087277,95.92123381,96.25968359,96.12234774,100.5091369,103.2245689,103.5116246,103.5091136,99.00618317,98.91871458,95.41971177,92.30130578,92.10861421,88.44541347,64.82618116,86.31061783,69.70210411,97.57968731
3/5/24,70.75617106,91.59016919,68.23125985,88.85104402,73.72184065,95.32372067,82.77726503,102.7450319,76.58404585,82.05769379,84.6535963,90.33705222,83.60178857,82.66071665,69.37572543,63.14478579,,,,,,,,,68.4278736,67.56920485,68.17797517,67.93761407,68.35127753,67.99502142,68.1358244,67.82205745,69.74422008,68.55873705,68.05620406,74.82608626,83.44746333,82.73263162,,,,,,,,,89.10511284,89.11247607,90.9781815,88.12399313,88.86334875,88.14575481,88.72316262,87.97400269,88.6317556,89.35225693,91.88093978,96.94067283,103.1222234,102.0611285,83.24833727,109.9631212,68.16947856,88.87581098
3/6/24,71.25188882,96.78352536,70.15535618,99.22797133,67.58693111,90.29008583,74.72510269,96.36398674,78.58942846,72.71430577,79.70749954,85.53400666,81.2887681,80.11678998,70.22106813,63.8115443,80.08299236,80.29261349,79.29829819,76.80140836,68.05670836,67.54281477,68.1371675,68.45916737,68.65340067,68.72704601,69.1810216,70.7589781,73.27997277,72.30975461,71.60334295,71.12598155,69.53268279,68.25171257,68.02056979,67.29713866,66.77819917,65.96522889,96.74482227,103.9836847,99.44389575,97.60694246,91.87154066,93.48470271,89.25937177,90.89545958,94.05504956,96.33419297,97.79247939,102.3283616,105.197158,105.9073829,105.4697346,105.0557666,97.5753757,90.91872935,89.59170035,88.46961419,92.18063066,88.24854365,79.71580084,99.49949027,70.0960523,100.8669459
3/7/24,67.05615341,87.92058035,68.41089898,89.14027092,67.29105654,87.9187041,64.90911108,86.09413979,76.79512198,71.99186494,69.40484725,77.87507722,74.38638307,72.68185326,66.02879318,62.25865867,65.15157053,63.89019794,63.58223725,64.21481106,64.85433015,67.00549221,67.74261216,68.25946363,68.02489097,68.12121537,67.81612315,68.4921275,68.78759127,68.30228116,68.98775124,69.33387618,69.01162037,68.06321324,67.9246004,66.80331314,66.3732754,65.53189935,87.4492719,85.75293898,84.66084392,85.22307517,85.23560683,87.6363859,88.09628083,88.49653676,88.21824178,87.79197393,88.9325934,90.7381806,90.00414704,89.44552938,89.04877259,89.44669964,88.77215105,89.2611966,88.32603551,86.78436365,87.30333382,86.08320948,65.04086979,86.70604213,68.05101795,90.69176264
3/8/24,67.3920199,90.77804577,69.03421902,94.01455983,67.61647645,89.74714809,64.8195234,86.4438782,76.59822684,79.46778058,70.44323758,80.26884087,75.44642624,73.26078554,66.34715169,62.19666344,64.73854348,64.48756527,63.87097395,63.58181161,64.72031561,66.77768228,67.60409813,67.94706194,68.10365028,70.15697089,70.18505241,69.75813166,69.05231322,69.84239332,68.97938006,68.71745443,68.50611564,67.58105308,67.67645341,68.43074285,66.77788272,65.81076153,85.67780682,85.3029504,86.35283968,85.36750295,86.44094527,87.64570683,89.61495261,89.61554968,90.8793258,99.10587711,101.1471135,95.22364676,94.08140873,94.2570453,92.42420275,93.08532656,93.02107326,91.36747195,89.20526638,89.29384366,89.12188439,89.59881493,64.57141082,85.17739567,69.55783668,95.71934607
3/9/24,68.2423099,96.28779088,69.80125231,100.0695781,69.36311784,93.62785713,65.34685783,91.95006858,81.44361923,72.72248167,68.70119224,80.18276131,78.21968065,74.73650799,66.97332287,62.41440337,65.18329547,64.70440871,63.76628739,63.80064446,64.71079964,65.79335636,66.31452005,66.12435171,67.5909914,68.03102581,68.81564275,73.18738413,74.12241473,71.47890569,69.93781014,69.37185589,68.6656301,69.04545398,67.74456491,68.30083077,72.36200525,68.97344416,94.53783544,92.61766497,87.19084405,88.34962757,90.93038956,91.80208476,87.12776363,87.93241813,94.86618391,95.30349742,94.21631143,110.4091792,112.2066788,106.6082606,102.6723586,102.660795,96.71534502,93.96195937,91.7864154,92.49204202,96.27123456,95.35428402,65.83764224,94.79091394,73.97426954,110.1168588
3/10/24,66.34721155,90.54478979,67.16931297,91.81301352,66.04338505,87.85909957,65.11306965,89.90614573,70.80036291,70.34558123,70.02720016,76.55729603,73.74955491,71.86723682,65.33764671,61.99147701,65.64725294,,65.28184827,64.21613299,64.50596895,65.44907353,65.71817037,65.49915494,66.58609462,66.74598598,66.76651796,67.50004792,67.77526883,68.96391153,68.01755947,67.67167308,67.70783074,66.61291643,66.57417196,65.65990076,65.3265101,64.49240793,91.22019056,,93.6066758,88.48614549,87.1079546,88.39009421,87.78791118,87.94621514,95.4703573,92.82175007,90.58685959,92.94094187,92.37396783,94.36472729,93.2783602,92.26547739,91.05736186,87.53351814,88.31954609,86.22217995,89.36148108,86.13747876,66.18941007,94.35639913,67.07926786,90.861812
3/11/24,67.0229601,90.00268505,68.48820653,93.36953257,66.18687876,86.59986892,65.24514719,86.65765754,74.50977473,70.76757397,67.12994255,75.75495831,74.81709013,72.59101932,66.23779204,62.24338509,65.55728905,67.05421595,66.40483173,63.76686086,64.13089851,66.35610752,66.82460086,67.57498153,71.81722907,71.85976257,68.47019645,67.8819155,68.39784287,68.24915854,68.05035168,67.46824218,67.45183757,66.65195482,66.61549627,65.87895279,65.60102561,64.6441945,86.95309921,87.37045062,86.01648647,90.28529829,85.46214984,86.63025365,88.24420209,92.69851684,103.1121403,107.8705486,96.33991271,90.90708583,89.89970968,90.64610824,90.43949847,89.16847356,87.84967112,86.66502228,87.33109329,86.48529354,85.91803472,85.57865476,64.05789919,84.98113846,67.81270145,93.25902368
3/12/24,66.81056163,88.05279239,68.42265274,89.87499409,66.96716807,88.83683277,64.2698322,84.87178031,74.61743948,79.65451707,70.90214936,80.1779195,74.56301697,72.65215004,65.76591548,61.96333781,64.3177718,62.99088346,63.02437729,63.24247038,64.48838134,67.1491586,67.8852744,68.92275642,68.00787301,69.16091318,69.56270392,67.97763923,68.20207452,68.26945773,68.25335191,67.97942472,68.39353459,67.53648138,67.09546462,67.59818669,65.63836419,65.33493403,84.74362293,83.92733813,84.11590315,84.35452515,84.78198155,86.81276078,87.50743523,89.56875054,87.81691456,89.22564536,90.00487839,89.60642694,89.35403617,90.61351711,91.45545449,93.07831366,91.11303481,92.12389162,88.5386433,88.91169236,85.77308301,85.6969783,63.58673554,84.53651259,68.45653646,89.16911045
3/13/24,66.73703105,88.50479266,68.27242991,91.08229331,66.77024027,88.09643811,64.42001132,84.84694951,77.31576417,75.99150557,70.27658974,79.21247392,74.28803564,72.36134155,65.70791009,62.06893266,64.19096625,63.34779213,62.97008413,63.43392259,64.50323785,66.75844186,67.50571528,67.16692327,67.44989227,68.86636585,68.02810041,68.50333705,68.65550164,69.22030799,69.30649775,68.07174074,67.88517414,68.10640544,66.87097099,66.37725688,65.72658984,65.51336533,84.93765901,84.06203511,83.81143768,84.03938244,84.8472102,86.34894674,87.65143817,86.73131672,87.74691492,88.82648357,88.29972058,92.55591208,94.84665543,96.80886011,95.20648542,90.68350707,90.82031299,90.29464726,89.62981715,86.56533808,85.89613531,85.75809177,64.63999525,84.96951993,68.6090228,92.80727595
3/14/24,66.58731846,87.16180579,67.93741788,88.60275136,67.02927851,87.47161385,64.34369895,84.84807485,75.13873917,74.70575905,68.64267511,77.50399221,74.277093,72.32017529,65.3953142,61.97776108,64.010176,63.05669292,63.24743427,63.42680929,64.55880653,66.56825084,67.25591032,67.44148581,66.91855785,67.01155478,67.75657762,67.75189337,68.6636623,67.82482725,68.91954056,68.98601832,67.83523826,67.55516701,68.06516437,66.40602146,66.09104902,65.21220689,84.66092055,83.85280644,84.00479073,83.77885339,84.88143189,86.73266328,86.91555218,87.34151177,87.05723992,86.81518003,88.87161626,88.69937627,90.22928542,89.1798202,89.46535205,90.38966863,88.83878842,87.76107304,88.29624349,87.03874181,86.79062619,85.59427029,64.6669454,85.27549575,68.88393783,89.43015722
3/15/24,67.26560214,90.1161852,68.83387045,93.01989859,67.78109115,90.18514503,64.65833495,85.73096031,77.67930515,78.8540708,69.30231833,79.91979079,75.70054332,73.28663347,66.09192334,62.21553014,63.86067663,63.35078373,63.4798766,63.30159606,64.46578312,66.62753797,67.95742699,68.05002718,67.4538791,67.96995256,67.75107098,68.80773256,70.19615479,71.66306056,69.37918802,68.63372911,68.75780914,68.44378124,68.31668258,67.68076218,66.68329485,66.87616623,84.78486518,84.12144571,84.20146693,84.08825054,85.26908423,86.44537954,88.08496055,88.17639144,88.11770619,89.72952502,90.55267971,93.63563065,100.6178317,99.34889483,96.74534003,94.35638635,93.122193,91.27609807,89.7453279,90.02568186,89.69373111,90.4117155,65.29782907,86.51748108,69.38691508,93.75221484
3/16/24,66.73904976,90.79946649,67.71699407,92.07370967,67.06880918,91.20533294,65.10905413,88.68750092,71.53799174,71.04653897,67.69546102,75.24252824,74.56843399,72.55750614,65.64299122,62.19402455,64.74787701,64.40693164,64.55708419,64.15703569,65.6267129,65.61579376,66.09948767,68.46590327,66.39869224,66.64830782,66.87537094,67.76163567,68.01567104,68.58535476,69.5098904,68.26780794,68.61110678,67.96047824,67.3626652,66.76724686,66.18501039,66.08753102,85.81896515,85.08363624,86.35909802,90.76741862,96.28288836,89.10452963,87.33392872,88.13776421,86.60859292,87.24070481,87.53021708,94.4058678,93.87160389,97.38122653,99.28736523,96.65230549,96.15899916,95.01015861,91.26926028,89.12008112,89.42230954,89.05803037,65.66863729,87.04108584,67.36426562,90.27507947
3/17/24,66.55274395,90.25132122,67.59586541,92.41158149,67.43116565,91.17544555,64.55107299,86.55295805,75.2224082,74.8523616,66.47590924,76.77231778,74.28505273,72.38027702,65.41246656,61.95941811,64.83512593,64.44108312,63.83893337,63.49643794,63.97333764,65.29545872,65.33518001,65.69062192,66.1758873,66.44997573,67.20542771,68.48298661,67.21818779,68.22819221,70.78536715,69.96144642,68.42875372,68.24401676,68.51313824,66.99462462,65.97298754,65.43740485,87.80665361,87.04490324,85.79492529,84.77354193,84.72077549,85.42266371,86.24494221,90.69205029,90.80360095,87.37497638,89.46809182,92.0028997,91.59524166,93.81706612,102.7270394,102.1270295,93.23706085,92.07719497,94.45542311,90.36416777,87.80502146,87.44998422,65.08596909,89.38492831,67.18863655,88.85035381
3/18/24,67.6913881,91.04615807,69.24930601,92.42241385,68.17503197,92.36097685,65.11567722,88.32752805,75.61454221,76.584104,68.82288945,78.30184209,75.87379226,73.63441476,66.68500542,62.56612676,64.45119335,63.78499501,64.28967863,64.17106067,65.12790011,67.23722373,68.20117674,68.08915061,70.57680345,70.70144054,69.04847113,68.29674157,68.51171054,68.98921417,70.74832369,69.30299969,69.5655736,68.1895934,69.56189379,68.08941987,66.85924058,67.07526215,86.33238149,85.78216399,85.1405968,87.32851097,88.87388086,93.40370822,91.99298754,89.18446115,89.71487835,88.86840914,88.241679,91.3017931,90.47135163,92.46695527,101.324891,97.78801384,97.36941635,90.69315648,92.94877507,96.04800576,89.75340889,91.81602001,64.7910381,87.94687795,68.95989006,90.34607552
3/19/24,68.74808246,96.55072783,69.77896446,96.77601899,67.52829762,87.3728508,67.81258434,100.7969861,77.06489134,75.67734484,77.86089765,83.95511232,80.06638559,75.8132123,67.70029523,62.66660223,66.80121687,69.8832764,67.66595132,68.60067773,66.92378915,69.70503684,70.67607377,70.98821851,73.97095225,73.28880088,68.81137074,69.17092419,68.10047112,68.96914428,68.41302156,68.11674172,67.82491533,67.12091573,67.7222214,67.33935666,67.93053101,65.8636522,101.2360087,108.4342128,103.1529337,104.4796328,98.02885149,103.5659405,104.9962941,104.2323153,109.940944,102.3068453,95.96167541,93.60901487,91.48540786,91.64694837,90.95318501,89.1228288,91.89145403,87.41016405,87.07522138,87.07936399,87.9265826,86.67257317,67.06398604,100.8075591,69.01728358,95.16384519
3/20/24,67.14146353,88.62510569,68.24548122,90.01789263,68.14667729,90.44774759,64.98533827,85.62809558,74.81948813,76.27108084,70.08856055,78.54434846,74.79083646,72.95938183,66.08942817,62.30487478,64.19805162,63.52266531,63.66587464,64.69449195,65.60996132,67.54560092,67.76665727,67.88601017,68.64885184,67.95166594,67.76110096,68.05033943,68.27763211,68.72199846,69.05388766,68.43211194,68.50157364,68.14373714,69.43539641,68.24164637,66.76590368,66.28294761,84.71357087,84.24810252,83.97492978,85.65141809,86.48739022,87.2775338,87.5517313,87.70083392,88.98389551,87.52663503,88.85333101,90.94850471,89.85048241,93.34068374,92.54033739,92.93199181,91.47428212,90.64796942,91.55850755,91.18065901,88.40359502,88.10555334,64.36811353,84.57525025,67.89398034,88.51287646
3/21/24,67.77867199,89.30684522,68.15985731,89.46344014,67.33692726,89.26711696,65.70977449,87.97344209,73.20834754,71.19500715,67.22416727,75.44038504,74.71725397,73.09826122,67.21838528,62.70459239,,,,,,66.95969064,68.38152955,68.16837791,67.64734436,67.71522839,68.28571707,68.48459434,68.04472601,67.93043747,68.35311608,68.38508789,67.83899545,67.51169378,68.05084555,67.18073917,66.60443571,65.71219369,,,,,,87.95996684,88.53801589,88.69869969,87.83626628,87.52197625,89.35592434,91.34322113,89.88236841,90.42156528,90.08815863,88.86383628,87.74673864,88.04337365,90.43400631,89.63089779,88.95995115,88.13598615,65.14409686,86.62866912,68.63201171,92.40107358
3/22/24,78.63564442,99.01477578,81.54972225,102.89361,68.87294588,89.48496982,79.14553035,97.96282952,89.33728972,76.18283055,89.25378274,95.12980068,93.57331378,93.11673758,74.97779036,63.9987337,64.56692442,68.99198266,91.75814934,92.95019738,91.11693329,92.08837058,92.53669333,92.21748236,92.60257959,92.36286282,91.38304459,76.65760965,70.93387988,73.01268274,69.6639727,69.6715705,69.85206323,70.25239263,69.49176928,68.31865194,67.42881564,67.00977392,86.5574897,91.22923912,107.1190297,108.8035525,105.909007,108.2597618,107.6672467,108.6402845,111.7420308,107.8144492,105.3975049,103.6587165,102.9931353,108.6183307,94.43251058,89.10872556,88.60724418,90.10703677,91.3709436,87.99784212,88.46364358,90.39669101,64.80653747,85.53658618,87.7035066,106.0414807
3/23/24,67.53435886,89.59240972,68.65140209,92.122733,68.17776273,88.69534352,65.53940939,86.24931837,73.29858078,76.70429387,71.50619356,79.16529169,75.00278377,73.43511692,66.48826183,62.75269991,65.69293822,65.33100774,64.72726758,64.10983789,64.8890123,65.9222603,66.73131187,66.87782284,67.3710474,68.41102339,68.5853694,69.49624887,68.91247846,69.65133818,69.37784643,69.45574212,68.89044397,68.73615905,68.47092281,67.83577974,67.66820288,67.22419054,85.72071508,85.62004571,86.20611375,86.15680423,86.23646617,86.58778103,86.7861374,86.1145957,86.94949261,90.63480865,91.31212831,97.65475199,94.23585197,95.34561773,91.66200243,95.74362826,90.45042086,88.13770492,89.44121716,89.02400471,88.17814865,87.24958169,66.4104253,86.21722704,70.05632865,98.58471594
3/24/24,68.64263349,98.50287862,70.38305319,103.3977129,68.47178456,96.64354815,66.12019898,92.0972951,77.77811989,77.05528089,70.90484109,79.90270192,79.03536095,75.36948252,67.30315019,63.20808514,66.98743293,65.6379635,66.5052404,65.92892741,65.1108733,66.30395023,66.81840958,67.65019628,70.35411494,71.5952552,70.05950146,72.24836416,71.62863289,71.26636226,70.95436994,71.13600747,70.11555255,69.67494676,69.4523594,68.2395025,66.52093633,65.55511446,93.02857256,87.70870343,94.10765143,94.37548822,93.77625131,94.56774191,95.26819785,99.56370081,106.1011325,106.8054727,103.0197768,108.3463905,106.6876972,103.6145634,102.4317233,104.0736001,101.2942469,98.63421522,96.88923762,97.79610385,93.25525732,89.4007068,66.92471387,89.83298362,70.7702784,103.567345
3/25/24,67.84912689,94.00841889,69.69036497,97.54056406,67.93812436,91.07386849,64.99480459,90.11390728,80.86688131,73.92086222,67.88045662,79.75462891,76.6312846,73.90886865,66.71334617,62.60464038,64.51836637,64.14796648,63.79669045,64.54055283,65.24944499,66.85663351,67.88705553,68.40394145,68.62436443,69.74079922,69.96688912,72.00370954,71.04698819,69.92273643,70.08626688,69.61159611,69.07082736,71.15403828,67.03131277,66.91968616,66.64720827,65.80393743,89.48129151,90.00435687,89.4066034,90.27112559,91.29618215,90.63042449,90.40013066,89.82062187,90.77870519,98.22843234,99.96225873,103.1836271,103.5916263,98.36533985,100.7261311,98.42994239,95.26683705,94.51085804,88.72752606,89.48484985,91.57158808,90.24730274,65.09167382,89.53833739,69.91017699,101.7007557
3/26/24,68.22163317,93.26593328,70.54151531,98.92918823,68.24019302,89.86080323,64.73636405,86.48100007,80.02630742,76.17945811,67.89460197,79.67073645,78.7956395,74.83459806,66.99999591,62.37664408,63.90248926,63.7804256,63.26971757,64.08428238,65.27045532,66.8394784,68.8723033,69.28349036,70.85039238,76.12219872,74.8159657,70.66737092,68.83149196,68.36975723,68.94942099,69.57649081,68.87312338,68.50527174,68.86797693,67.79437517,67.79309768,66.20585096,86.27908083,88.31326986,84.10165697,85.68290464,85.90668013,87.4963752,96.36629824,92.64288682,103.1126598,114.049142,107.5818604,101.3958439,94.81960736,92.63577235,92.73730413,93.96849365,92.38007786,90.95271781,91.19464156,88.88449899,88.4112552,86.85832542,64.53990486,87.20285414,71.28572733,105.4607693
3/27/24,71.01416695,94.43807566,75.51616122,99.04494953,68.74300386,90.4088401,65.4032275,89.54799801,90.68943914,75.4717184,70.23655365,88.06044392,92.08063185,89.70867791,67.69803679,62.86966594,64.86884215,66.24414154,64.08841018,64.23481367,64.97901679,67.2440155,67.91117166,67.46345116,68.4232116,70.35670281,70.63918235,68.67831483,70.43650983,89.42816184,93.593052,91.74016266,78.86596842,68.08419406,68.250709,69.93550239,68.70141538,66.87781761,92.2434404,99.13834916,89.67145497,87.52835218,87.09672488,88.57289465,88.10590742,87.79697063,91.93587993,89.22509203,93.88447739,95.38947977,96.33675494,115.2821389,121.078959,116.4966734,103.7786477,89.51260423,89.85760728,94.3919271,87.87226796,86.54010172,64.69462816,85.62870509,68.65620408,89.2252867
3/28/24,70.88803429,93.83370181,74.81127585,99.59411429,67.65461765,89.11890027,66.62474336,87.55764186,85.01312486,73.10764901,70.76326729,83.20375358,90.49681912,86.74360175,68.43877598,63.11622748,64.95119751,64.44193375,69.98179048,68.33690084,65.64151729,67.74510044,73.20960795,92.44548959,90.07089093,83.09172163,68.4339038,69.53290391,70.54660903,69.99246054,69.89966045,69.85455453,70.34319854,68.59700525,68.14268001,67.17867213,66.69984795,66.3796722,85.3274331,84.9948316,88.16429643,87.28311217,88.77920177,92.30279692,94.35198179,108.3195228,107.2281964,99.97382793,92.76742031,97.60188474,100.3600004,101.4328884,99.02674004,99.24360209,98.92115201,92.55754544,88.39997595,87.35485242,88.16296166,88.2469065,65.52897759,85.38190346,70.31364595,95.90255031
3/29/24,67.83696976,93.45308011,69.32071767,95.91117705,67.90746216,88.42631164,65.57871726,92.28061829,77.92351221,78.71290416,68.66482071,79.76326324,76.02996891,73.67387108,66.91941071,62.59945469,64.70305364,65.45178571,64.44381163,64.45246383,65.44869703,68.49751051,69.66188107,71.0636707,70.57500418,69.55423836,69.81973811,69.06257217,68.42893788,69.12434205,68.35285642,68.82244664,68.43442078,68.28335187,68.32043907,67.67232885,67.35368972,66.48205433,85.38173063,94.62468985,94.96571198,93.67042489,94.1025744,102.056312,101.7629483,105.0476493,105.7309152,101.9173978,98.8833245,91.96153331,91.37210151,91.16543375,90.09819535,89.47367528,88.92355415,88.42614209,88.60866717,88.71732259,87.95303387,87.42229898,65.15462778,86.07979948,68.94798566,94.59494095
3/30/24,66.92879095,88.93926251,68.16136331,91.46046826,67.54247346,89.098695,64.77549537,85.08206608,74.26217247,70.96818076,68.38407286,76.3250045,74.80665082,73.02674904,65.84240406,62.00090241,65.05980706,64.79351644,64.06406912,63.24398732,63.7264447,65.20008552,66.13709621,66.04122188,66.72421846,67.12298705,67.73108312,68.51393589,68.93782647,70.94276173,69.24077276,70.23693838,68.6120127,68.00431087,67.9276007,67.02988383,67.20820547,66.55735967,85.31857767,85.0289387,84.2912855,83.92996486,84.18947016,85.10273996,86.55154185,85.70670858,86.47682007,87.62609707,88.58384918,94.062563,91.04939031,97.03377085,97.83344407,99.21470723,95.55389203,91.89378832,89.14742566,87.5307614,87.82281814,86.53461137,65.55247677,86.25102184,67.69587432,87.8331008
3/31/24,66.98191411,90.49948093,68.05849926,94.21351436,67.38259931,88.83602865,65.16869751,85.76532569,75.27321243,73.97153187,72.34960694,79.40759295,74.86224711,72.89135764,65.73538267,62.47008973,66.07982287,65.19621342,64.51386218,64.16963854,64.2308179,65.18190821,65.35866247,65.24418094,65.52157491,66.7621001,68.18700244,69.64631896,68.83271097,68.70935034,69.75779695,69.01658697,69.98912802,69.00826478,67.61031968,66.90499028,66.00714148,65.82140553,87.608303,85.83220524,85.53066896,84.56192881,84.61540331,84.81966804,85.74145446,85.43659417,85.37366758,88.07144932,96.54353643,101.0924485,98.08333129,97.33947154,99.47562065,97.18258084,94.46542362,91.48062291,90.08150285,87.33767727,86.44463007,86.48834335,66.14694717,86.65757301,69.6761433,101.7551849