Timestamp,Temperature (C),Humidity (%)
2024-06-04 00:00:00,29.06,65.6
2024-06-04 00:01:26,26.83,54.08
2024-06-04 00:02:52,26.54,65.94
2024-06-04 00:04:19,23.73,48.8
2024-06-04 00:05:45,27.12,61.05
2024-06-04 00:07:12,23.41,32.44
2024-06-04 00:08:38,22.31,66.2
2024-06-04 00:10:04,23.17,51.9
2024-06-04 00:11:31,23.8,61.94
2024-06-04 00:12:57,26.64,46.59
2024-06-04 00:14:24,24.76,39.61
2024-06-04 00:15:50,29.77,42.54
2024-06-04 00:17:16,23.36,56.52
2024-06-04 00:18:43,27.6,59.18
2024-06-04 00:20:09,27.84,68.95
2024-06-04 00:21:36,21.46,38.9
2024-06-04 00:23:02,29.43,31.46
2024-06-04 00:24:28,20.65,63.7
2024-06-04 00:25:55,22.69,67.88
2024-06-04 00:27:21,24.32,65.08
2024-06-04 00:28:48,27.61,66.86
2024-06-04 00:30:14,24.52,38.18
2024-06-04 00:31:40,24.09,50.79
2024-06-04 00:33:07,22.58,44.86
2024-06-04 00:34:33,27.5,33.98
2024-06-04 00:36:00,27.88,47.0
2024-06-04 00:37:26,28.96,48.56
2024-06-04 00:38:52,26.72,33.99
2024-06-04 00:40:19,25.57,61.47
2024-06-04 00:41:45,24.49,51.45
2024-06-04 00:43:12,21.69,36.19
2024-06-04 00:44:38,28.5,49.34
2024-06-04 00:46:04,29.87,50.07
2024-06-04 00:47:31,29.41,35.52
2024-06-04 00:48:57,29.6,35.87
2024-06-04 00:50:24,25.6,32.58
2024-06-04 00:51:50,26.77,52.06
2024-06-04 00:53:16,23.55,67.44
2024-06-04 00:54:43,28.04,31.98
2024-06-04 00:56:09,22.49,58.23
2024-06-04 00:57:36,29.84,36.1
2024-06-04 00:59:02,26.73,63.96
2024-06-04 01:00:28,29.47,44.29
2024-06-04 01:01:55,25.99,65.81
2024-06-04 01:03:21,26.5,51.53
2024-06-04 01:04:48,24.0,43.86
2024-06-04 01:06:14,21.31,61.49
2024-06-04 01:07:40,23.4,36.12
2024-06-04 01:09:07,27.31,43.69
2024-06-04 01:10:33,27.24,53.89
2024-06-04 01:12:00,26.39,49.15
2024-06-04 01:13:26,27.31,33.23
2024-06-04 01:14:52,29.78,67.86
2024-06-04 01:16:19,26.2,51.15
2024-06-04 01:17:45,28.57,57.47
2024-06-04 01:19:12,23.69,68.38
2024-06-04 01:20:38,28.48,53.8
2024-06-04 01:22:04,24.27,32.41
2024-06-04 01:23:31,23.45,33.51
2024-06-04 01:24:57,21.9,46.11
2024-06-04 01:26:24,29.2,49.1
2024-06-04 01:27:50,24.71,55.18
2024-06-04 01:29:16,21.24,43.95
2024-06-04 01:30:43,29.71,47.47
2024-06-04 01:32:09,21.17,67.77
2024-06-04 01:33:36,27.95,63.74
2024-06-04 01:35:02,21.37,33.06
2024-06-04 01:36:28,27.08,63.35
2024-06-04 01:37:55,24.15,61.76
2024-06-04 01:39:21,23.6,51.46
2024-06-04 01:40:48,22.23,48.03
2024-06-04 01:42:14,29.37,53.71
2024-06-04 01:43:40,25.32,52.47
2024-06-04 01:45:07,21.34,49.05
2024-06-04 01:46:33,28.11,51.33
2024-06-04 01:48:00,26.06,66.5
2024-06-04 01:49:26,29.53,38.06
2024-06-04 01:50:52,29.76,51.96
2024-06-04 01:52:19,28.65,65.81
2024-06-04 01:53:45,28.82,60.02
2024-06-04 01:55:12,20.11,54.84
2024-06-04 01:56:38,24.16,63.39
2024-06-04 01:58:04,24.0,30.76
2024-06-04 01:59:31,25.55,37.23
2024-06-04 02:00:57,29.83,31.23
2024-06-04 02:02:24,24.47,33.08
2024-06-04 02:03:50,22.75,46.02
2024-06-04 02:05:16,28.16,57.96
2024-06-04 02:06:43,24.93,60.6
2024-06-04 02:08:09,24.56,67.62
2024-06-04 02:09:36,23.58,50.37
2024-06-04 02:11:02,29.11,60.63
2024-06-04 02:12:28,22.05,50.09
2024-06-04 02:13:55,29.16,47.23
2024-06-04 02:15:21,23.64,31.51
2024-06-04 02:16:48,22.13,59.85
2024-06-04 02:18:14,25.73,68.37
2024-06-04 02:19:40,28.9,53.91
2024-06-04 02:21:07,25.07,40.11
2024-06-04 02:22:33,27.72,46.65
2024-06-04 02:24:00,21.99,40.36
2024-06-04 02:25:26,22.76,36.78
2024-06-04 02:26:52,20.5,32.67
2024-06-04 02:28:19,25.94,60.21
2024-06-04 02:29:45,27.64,46.0
2024-06-04 02:31:12,25.16,40.37
2024-06-04 02:32:38,29.91,30.55
2024-06-04 02:34:04,23.78,30.75
2024-06-04 02:35:31,24.08,46.91
2024-06-04 02:36:57,28.35,67.48
2024-06-04 02:38:24,23.32,59.74
2024-06-04 02:39:50,21.22,56.67
2024-06-04 02:41:16,29.16,68.89
2024-06-04 02:42:43,26.85,40.03
2024-06-04 02:44:09,28.89,40.09
2024-06-04 02:45:36,25.37,48.09
2024-06-04 02:47:02,22.15,61.33
2024-06-04 02:48:28,27.84,49.08
2024-06-04 02:49:55,25.09,34.59
2024-06-04 02:51:21,23.45,45.68
2024-06-04 02:52:48,26.77,59.77
2024-06-04 02:54:14,28.12,65.83
2024-06-04 02:55:40,27.42,40.84
2024-06-04 02:57:07,25.88,34.03
2024-06-04 02:58:33,26.23,44.11
2024-06-04 03:00:00,23.48,55.23
2024-06-04 03:01:26,26.85,69.75
2024-06-04 03:02:52,24.16,50.05
2024-06-04 03:04:19,29.02,64.29
2024-06-04 03:05:45,20.31,66.44
2024-06-04 03:07:12,26.52,49.69
2024-06-04 03:08:38,22.96,44.16
2024-06-04 03:10:04,21.09,52.17
2024-06-04 03:11:31,21.05,65.0
2024-06-04 03:12:57,20.76,54.7
2024-06-04 03:14:24,23.45,42.58
2024-06-04 03:15:50,29.88,42.62
2024-06-04 03:17:16,21.63,61.72
2024-06-04 03:18:43,24.66,68.59
2024-06-04 03:20:09,28.6,60.02
2024-06-04 03:21:36,28.18,31.03
2024-06-04 03:23:02,23.1,50.03
2024-06-04 03:24:28,23.59,57.99
2024-06-04 03:25:55,22.81,55.27
2024-06-04 03:27:21,25.76,68.68
2024-06-04 03:28:48,25.42,63.35
2024-06-04 03:30:14,24.98,37.02
2024-06-04 03:31:40,23.62,45.89
2024-06-04 03:33:07,21.92,43.58
2024-06-04 03:34:33,26.02,64.52
2024-06-04 03:36:00,28.35,61.27
2024-06-04 03:37:26,24.64,38.28
2024-06-04 03:38:52,27.22,63.39
2024-06-04 03:40:19,29.82,44.23
2024-06-04 03:41:45,29.21,55.43
2024-06-04 03:43:12,25.45,42.03
2024-06-04 03:44:38,22.34,32.81
2024-06-04 03:46:04,24.03,36.39
2024-06-04 03:47:31,25.77,65.57
2024-06-04 03:48:57,25.38,39.46
2024-06-04 03:50:24,26.67,32.05
2024-06-04 03:51:50,29.62,63.03
2024-06-04 03:53:16,27.75,54.83
2024-06-04 03:54:43,26.71,60.11
2024-06-04 03:56:09,27.48,44.81
2024-06-04 03:57:36,27.83,52.0
2024-06-04 03:59:02,28.2,48.17
2024-06-04 04:00:28,25.59,51.55
2024-06-04 04:01:55,23.66,49.44
2024-06-04 04:03:21,22.3,56.7
2024-06-04 04:04:48,22.54,42.98
2024-06-04 04:06:14,29.93,61.63
2024-06-04 04:07:40,22.54,62.65
2024-06-04 04:09:07,25.75,62.14
2024-06-04 04:10:33,29.86,42.91
2024-06-04 04:12:00,21.93,66.35
2024-06-04 04:13:26,28.49,61.69
2024-06-04 04:14:52,29.17,49.46
2024-06-04 04:16:19,26.23,42.93
2024-06-04 04:17:45,24.95,62.9
2024-06-04 04:19:12,29.96,39.83
2024-06-04 04:20:38,29.63,36.08
2024-06-04 04:22:04,29.72,55.27
2024-06-04 04:23:31,20.22,69.41
2024-06-04 04:24:57,27.28,46.2
2024-06-04 04:26:24,26.84,49.78
2024-06-04 04:27:50,26.71,37.19
2024-06-04 04:29:16,23.33,36.22
2024-06-04 04:30:43,29.75,31.28
2024-06-04 04:32:09,27.17,60.85
2024-06-04 04:33:36,25.88,39.01
2024-06-04 04:35:02,25.33,69.17
2024-06-04 04:36:28,24.56,69.23
2024-06-04 04:37:55,25.41,65.54
2024-06-04 04:39:21,24.99,35.11
2024-06-04 04:40:48,21.87,46.48
2024-06-04 04:42:14,27.97,32.82
2024-06-04 04:43:40,29.31,54.74
2024-06-04 04:45:07,23.08,38.76
2024-06-04 04:46:33,25.93,50.83
2024-06-04 04:48:00,22.85,32.17
2024-06-04 04:49:26,26.59,68.67
2024-06-04 04:50:52,20.65,53.34
2024-06-04 04:52:19,20.72,39.21
2024-06-04 04:53:45,25.67,59.23
2024-06-04 04:55:12,21.13,69.21
2024-06-04 04:56:38,28.34,69.08
2024-06-04 04:58:04,28.67,35.23
2024-06-04 04:59:31,22.75,51.09
2024-06-04 05:00:57,26.28,36.31
2024-06-04 05:02:24,23.19,60.21
2024-06-04 05:03:50,26.6,51.64
2024-06-04 05:05:16,22.96,30.21
2024-06-04 05:06:43,23.98,45.38
2024-06-04 05:08:09,29.98,40.89
2024-06-04 05:09:36,22.88,48.73
2024-06-04 05:11:02,29.26,42.4
2024-06-04 05:12:28,28.99,45.58
2024-06-04 05:13:55,28.34,63.55
2024-06-04 05:15:21,28.88,69.29
2024-06-04 05:16:48,22.46,37.34
2024-06-04 05:18:14,26.02,60.36
2024-06-04 05:19:40,23.97,34.14
2024-06-04 05:21:07,26.74,53.09
2024-06-04 05:22:33,20.87,60.38
2024-06-04 05:24:00,29.39,42.8
2024-06-04 05:25:26,25.92,48.86
2024-06-04 05:26:52,20.27,65.88
2024-06-04 05:28:19,26.37,43.07
2024-06-04 05:29:45,21.29,66.65
2024-06-04 05:31:12,21.21,47.04
2024-06-04 05:32:38,22.31,47.13
2024-06-04 05:34:04,22.6,65.75
2024-06-04 05:35:31,28.32,57.7
2024-06-04 05:36:57,26.42,38.39
2024-06-04 05:38:24,27.26,32.94
2024-06-04 05:39:50,28.82,60.63
2024-06-04 05:41:16,28.95,69.13
2024-06-04 05:42:43,29.73,47.62
2024-06-04 05:44:09,20.8,41.97
2024-06-04 05:45:36,25.09,49.81
2024-06-04 05:47:02,21.13,59.07
2024-06-04 05:48:28,20.92,31.63
2024-06-04 05:49:55,20.96,49.18
2024-06-04 05:51:21,20.52,53.62
2024-06-04 05:52:48,26.7,34.86
2024-06-04 05:54:14,21.36,63.64
2024-06-04 05:55:40,28.26,62.22
2024-06-04 05:57:07,25.54,32.14
2024-06-04 05:58:33,25.77,60.1
2024-06-04 06:00:00,24.37,33.35
2024-06-04 06:01:26,26.62,40.75
2024-06-04 06:02:52,21.75,65.24
2024-06-04 06:04:19,28.57,30.88
2024-06-04 06:05:45,27.13,31.92
2024-06-04 06:07:12,23.56,68.18
2024-06-04 06:08:38,21.56,40.7
2024-06-04 06:10:04,26.82,61.02
2024-06-04 06:11:31,29.78,52.34
2024-06-04 06:12:57,28.22,33.16
2024-06-04 06:14:24,24.0,43.25
2024-06-04 06:15:50,27.68,62.19
2024-06-04 06:17:16,25.62,43.09
2024-06-04 06:18:43,25.14,69.11
2024-06-04 06:20:09,21.93,40.33
2024-06-04 06:21:36,28.56,62.27
2024-06-04 06:23:02,26.45,65.47
2024-06-04 06:24:28,21.19,49.53
2024-06-04 06:25:55,25.63,48.34
2024-06-04 06:27:21,20.55,39.4
2024-06-04 06:28:48,27.83,30.13
2024-06-04 06:30:14,29.87,46.53
2024-06-04 06:31:40,25.35,35.5
2024-06-04 06:33:07,21.62,66.8
2024-06-04 06:34:33,27.74,50.28
2024-06-04 06:36:00,23.25,68.9
2024-06-04 06:37:26,24.15,30.47
2024-06-04 06:38:52,23.81,48.89
2024-06-04 06:40:19,21.7,43.55
2024-06-04 06:41:45,28.4,46.38
2024-06-04 06:43:12,28.54,31.75
2024-06-04 06:44:38,26.54,62.4
2024-06-04 06:46:04,25.23,41.84
2024-06-04 06:47:31,20.66,60.33
2024-06-04 06:48:57,20.24,33.1
2024-06-04 06:50:24,29.59,47.03
2024-06-04 06:51:50,21.25,36.05
2024-06-04 06:53:16,24.5,32.13
2024-06-04 06:54:43,27.33,48.72
2024-06-04 06:56:09,23.63,59.75
2024-06-04 06:57:36,28.91,65.48
2024-06-04 06:59:02,20.92,53.64
2024-06-04 07:00:28,20.74,69.44
2024-06-04 07:01:55,29.35,34.5
2024-06-04 07:03:21,22.48,35.71
2024-06-04 07:04:48,23.68,68.23
2024-06-04 07:06:14,29.78,40.52
2024-06-04 07:07:40,24.31,41.94
2024-06-04 07:09:07,27.14,42.05
2024-06-04 07:10:33,27.59,59.43
2024-06-04 07:12:00,24.14,58.69
2024-06-04 07:13:26,26.29,51.68
2024-06-04 07:14:52,25.1,30.52
2024-06-04 07:16:19,25.12,53.21
2024-06-04 07:17:45,28.46,38.13
2024-06-04 07:19:12,20.25,35.42
2024-06-04 07:20:38,25.67,30.62
2024-06-04 07:22:04,29.09,30.66
2024-06-04 07:23:31,22.28,44.92
2024-06-04 07:24:57,20.55,69.98
2024-06-04 07:26:24,28.11,30.85
2024-06-04 07:27:50,23.76,38.97
2024-06-04 07:29:16,21.8,60.53
2024-06-04 07:30:43,22.94,39.28
2024-06-04 07:32:09,27.11,63.02
2024-06-04 07:33:36,25.87,49.02
2024-06-04 07:35:02,21.22,45.65
2024-06-04 07:36:28,23.19,37.48
2024-06-04 07:37:55,24.61,42.19
2024-06-04 07:39:21,28.8,56.41
2024-06-04 07:40:48,20.09,31.46
2024-06-04 07:42:14,24.9,32.95
2024-06-04 07:43:40,28.18,47.86
2024-06-04 07:45:07,22.63,51.41
2024-06-04 07:46:33,20.54,45.19
2024-06-04 07:48:00,22.41,32.11
2024-06-04 07:49:26,22.05,39.95
2024-06-04 07:50:52,27.95,69.27
2024-06-04 07:52:19,22.33,65.38
2024-06-04 07:53:45,26.2,60.86
2024-06-04 07:55:12,26.2,46.25
2024-06-04 07:56:38,29.78,39.08
2024-06-04 07:58:04,29.88,54.22
2024-06-04 07:59:31,27.1,46.71
2024-06-04 08:00:57,20.7,58.26
2024-06-04 08:02:24,21.85,38.58
2024-06-04 08:03:50,25.76,58.6
2024-06-04 08:05:16,28.29,52.2
2024-06-04 08:06:43,27.38,42.84
2024-06-04 08:08:09,25.17,43.79
2024-06-04 08:09:36,23.4,39.49
2024-06-04 08:11:02,27.38,63.88
2024-06-04 08:12:28,26.19,56.55
2024-06-04 08:13:55,29.15,60.05
2024-06-04 08:15:21,24.6,36.58
2024-06-04 08:16:48,28.31,58.86
2024-06-04 08:18:14,22.61,35.53
2024-06-04 08:19:40,28.53,40.78
2024-06-04 08:21:07,29.78,66.98
2024-06-04 08:22:33,21.2,36.26
2024-06-04 08:24:00,26.81,39.51
2024-06-04 08:25:26,20.5,52.68
2024-06-04 08:26:52,29.62,69.89
2024-06-04 08:28:19,28.98,33.18
2024-06-04 08:29:45,24.2,62.68
2024-06-04 08:31:12,22.99,58.57
2024-06-04 08:32:38,28.67,65.54
2024-06-04 08:34:04,22.71,30.44
2024-06-04 08:35:31,29.37,56.24
2024-06-04 08:36:57,29.62,50.19
2024-06-04 08:38:24,22.9,69.93
2024-06-04 08:39:50,24.24,55.94
2024-06-04 08:41:16,21.62,58.32
2024-06-04 08:42:43,25.23,64.32
2024-06-04 08:44:09,26.46,39.2
2024-06-04 08:45:36,24.82,48.75
2024-06-04 08:47:02,24.63,44.89
2024-06-04 08:48:28,24.65,31.21
2024-06-04 08:49:55,29.4,61.77
2024-06-04 08:51:21,27.36,42.79
2024-06-04 08:52:48,25.56,45.62
2024-06-04 08:54:14,25.59,64.31
2024-06-04 08:55:40,25.54,42.65
2024-06-04 08:57:07,28.25,42.96
2024-06-04 08:58:33,27.1,51.71
2024-06-04 09:00:00,23.03,44.21
2024-06-04 09:01:26,28.77,45.53
2024-06-04 09:02:52,26.81,54.32
2024-06-04 09:04:19,25.64,61.14
2024-06-04 09:05:45,27.39,38.24
2024-06-04 09:07:12,21.71,35.04
2024-06-04 09:08:38,29.3,30.83
2024-06-04 09:10:04,21.54,34.51
2024-06-04 09:11:31,22.78,55.77
2024-06-04 09:12:57,24.19,42.73
2024-06-04 09:14:24,27.63,56.23
2024-06-04 09:15:50,21.59,56.35
2024-06-04 09:17:16,29.81,39.36
2024-06-04 09:18:43,28.82,35.26
2024-06-04 09:20:09,22.92,54.63
2024-06-04 09:21:36,20.99,58.42
2024-06-04 09:23:02,25.32,53.9
2024-06-04 09:24:28,21.25,54.55
2024-06-04 09:25:55,24.32,48.78
2024-06-04 09:27:21,26.4,64.57
2024-06-04 09:28:48,23.17,64.39
2024-06-04 09:30:14,20.3,33.64
2024-06-04 09:31:40,20.76,57.02
2024-06-04 09:33:07,27.6,40.64
2024-06-04 09:34:33,22.16,65.97
2024-06-04 09:36:00,20.56,42.43
2024-06-04 09:37:26,21.27,51.28
2024-06-04 09:38:52,25.95,62.33
2024-06-04 09:40:19,24.37,50.47
2024-06-04 09:41:45,23.71,35.29
2024-06-04 09:43:12,24.87,46.78
2024-06-04 09:44:38,24.86,46.83
2024-06-04 09:46:04,26.86,43.45
2024-06-04 09:47:31,28.48,32.75
2024-06-04 09:48:57,28.39,62.3
2024-06-04 09:50:24,20.53,58.18
2024-06-04 09:51:50,21.54,57.82
2024-06-04 09:53:16,21.45,51.69
2024-06-04 09:54:43,29.52,63.81
2024-06-04 09:56:09,25.72,51.67
2024-06-04 09:57:36,25.16,69.17
2024-06-04 09:59:02,25.49,42.51
2024-06-04 10:00:28,22.48,64.82
2024-06-04 10:01:55,20.33,38.58
2024-06-04 10:03:21,29.45,37.82
2024-06-04 10:04:48,25.6,35.96
2024-06-04 10:06:14,20.32,41.34
2024-06-04 10:07:40,20.62,59.73
2024-06-04 10:09:07,29.31,40.99
2024-06-04 10:10:33,24.73,41.94
2024-06-04 10:12:00,26.64,43.79
2024-06-04 10:13:26,21.59,62.52
2024-06-04 10:14:52,21.66,64.25
2024-06-04 10:16:19,29.08,65.67
2024-06-04 10:17:45,24.03,34.3
2024-06-04 10:19:12,23.47,66.84
2024-06-04 10:20:38,29.11,51.15
2024-06-04 10:22:04,26.71,65.55
2024-06-04 10:23:31,24.57,57.43
2024-06-04 10:24:57,20.11,42.1
2024-06-04 10:26:24,23.27,52.32
2024-06-04 10:27:50,23.11,48.45
2024-06-04 10:29:16,27.39,47.41
2024-06-04 10:30:43,23.83,47.93
2024-06-04 10:32:09,29.04,63.83
2024-06-04 10:33:36,25.83,43.74
2024-06-04 10:35:02,20.33,52.66
2024-06-04 10:36:28,23.13,35.0
2024-06-04 10:37:55,22.21,43.93
2024-06-04 10:39:21,28.63,69.7
2024-06-04 10:40:48,21.35,43.52
2024-06-04 10:42:14,21.07,61.77
2024-06-04 10:43:40,21.48,37.49
2024-06-04 10:45:07,24.71,59.38
2024-06-04 10:46:33,27.41,62.87
2024-06-04 10:48:00,22.51,69.81
2024-06-04 10:49:26,22.23,53.55
2024-06-04 10:50:52,26.27,48.43
2024-06-04 10:52:19,24.87,56.16
2024-06-04 10:53:45,29.31,33.47
2024-06-04 10:55:12,22.01,53.89
2024-06-04 10:56:38,23.88,60.16
2024-06-04 10:58:04,24.62,37.85
2024-06-04 10:59:31,27.38,47.32
2024-06-04 11:00:57,21.22,40.47
2024-06-04 11:02:24,29.45,57.7
2024-06-04 11:03:50,27.17,56.15
2024-06-04 11:05:16,27.58,47.82
2024-06-04 11:06:43,22.33,62.05
2024-06-04 11:08:09,24.28,62.94
2024-06-04 11:09:36,23.46,49.35
2024-06-04 11:11:02,28.39,61.36
2024-06-04 11:12:28,29.19,37.74
2024-06-04 11:13:55,22.36,33.16
2024-06-04 11:15:21,27.03,59.9
2024-06-04 11:16:48,26.17,49.5
2024-06-04 11:18:14,20.99,61.39
2024-06-04 11:19:40,24.62,46.61
2024-06-04 11:21:07,23.24,62.38
2024-06-04 11:22:33,27.92,57.96
2024-06-04 11:24:00,21.47,32.25
2024-06-04 11:25:26,22.22,47.46
2024-06-04 11:26:52,24.27,37.91
2024-06-04 11:28:19,21.09,51.35
2024-06-04 11:29:45,21.69,62.67
2024-06-04 11:31:12,24.65,58.64
2024-06-04 11:32:38,25.78,42.35
2024-06-04 11:34:04,22.76,59.36
2024-06-04 11:35:31,25.0,42.23
2024-06-04 11:36:57,27.42,44.38
2024-06-04 11:38:24,26.15,48.6
2024-06-04 11:39:50,20.45,47.31
2024-06-04 11:41:16,26.79,55.45
2024-06-04 11:42:43,27.28,68.14
2024-06-04 11:44:09,25.89,30.65
2024-06-04 11:45:36,23.12,67.59
2024-06-04 11:47:02,28.79,33.9
2024-06-04 11:48:28,21.13,58.84
2024-06-04 11:49:55,29.42,34.44
2024-06-04 11:51:21,26.25,55.48
2024-06-04 11:52:48,29.88,65.38
2024-06-04 11:54:14,24.31,54.25
2024-06-04 11:55:40,29.25,44.63
2024-06-04 11:57:07,23.77,67.53
2024-06-04 11:58:33,29.49,30.84
2024-06-04 12:00:00,20.66,57.42
2024-06-04 12:01:26,23.34,64.47
2024-06-04 12:02:52,26.38,40.3
2024-06-04 12:04:19,21.56,58.83
2024-06-04 12:05:45,22.0,61.55
2024-06-04 12:07:12,22.01,42.7
2024-06-04 12:08:38,21.24,53.68
2024-06-04 12:10:04,24.42,33.42
2024-06-04 12:11:31,25.52,56.77
2024-06-04 12:12:57,26.91,30.89
2024-06-04 12:14:24,26.13,44.92
2024-06-04 12:15:50,21.4,58.92
2024-06-04 12:17:16,20.6,36.52
2024-06-04 12:18:43,23.57,42.97
2024-06-04 12:20:09,23.33,61.54
2024-06-04 12:21:36,28.37,63.39
2024-06-04 12:23:02,23.73,42.3
2024-06-04 12:24:28,25.25,40.21
2024-06-04 12:25:55,28.89,54.32
2024-06-04 12:27:21,20.95,33.55
2024-06-04 12:28:48,21.84,59.61
2024-06-04 12:30:14,24.74,67.74
2024-06-04 12:31:40,22.68,45.48
2024-06-04 12:33:07,25.91,61.39
2024-06-04 12:34:33,29.16,36.69
2024-06-04 12:36:00,28.84,39.69
2024-06-04 12:37:26,24.37,55.1
2024-06-04 12:38:52,20.44,46.0
2024-06-04 12:40:19,21.01,42.42
2024-06-04 12:41:45,29.37,30.2
2024-06-04 12:43:12,28.75,40.84
2024-06-04 12:44:38,27.92,41.72
2024-06-04 12:46:04,27.12,49.95
2024-06-04 12:47:31,20.59,66.7
2024-06-04 12:48:57,24.35,66.64
2024-06-04 12:50:24,21.62,35.18
2024-06-04 12:51:50,21.16,67.7
2024-06-04 12:53:16,29.6,36.57
2024-06-04 12:54:43,28.24,57.31
2024-06-04 12:56:09,20.07,62.19
2024-06-04 12:57:36,24.84,49.86
2024-06-04 12:59:02,28.27,34.03
2024-06-04 13:00:28,29.6,39.76
2024-06-04 13:01:55,29.52,64.62
2024-06-04 13:03:21,23.14,55.88
2024-06-04 13:04:48,24.85,52.54
2024-06-04 13:06:14,21.63,46.56
2024-06-04 13:07:40,23.15,54.66
2024-06-04 13:09:07,22.08,43.31
2024-06-04 13:10:33,25.32,40.7
2024-06-04 13:12:00,20.83,69.72
2024-06-04 13:13:26,25.33,47.8
2024-06-04 13:14:52,25.87,40.88
2024-06-04 13:16:19,25.54,64.49
2024-06-04 13:17:45,28.72,47.63
2024-06-04 13:19:12,20.27,45.25
2024-06-04 13:20:38,25.16,42.77
2024-06-04 13:22:04,21.31,64.1
2024-06-04 13:23:31,21.11,31.1
2024-06-04 13:24:57,27.4,35.17
2024-06-04 13:26:24,25.61,42.43
2024-06-04 13:27:50,24.95,42.25
2024-06-04 13:29:16,27.98,31.22
2024-06-04 13:30:43,22.47,61.38
2024-06-04 13:32:09,20.34,32.74
2024-06-04 13:33:36,20.84,66.58
2024-06-04 13:35:02,28.49,33.1
2024-06-04 13:36:28,23.67,34.96
2024-06-04 13:37:55,28.0,64.18
2024-06-04 13:39:21,25.57,57.37
2024-06-04 13:40:48,28.6,55.89
2024-06-04 13:42:14,27.44,33.92
2024-06-04 13:43:40,26.8,42.61
2024-06-04 13:45:07,27.85,30.2
2024-06-04 13:46:33,26.9,59.12
2024-06-04 13:48:00,25.62,66.53
2024-06-04 13:49:26,22.58,52.05
2024-06-04 13:50:52,21.12,42.29
2024-06-04 13:52:19,26.28,47.5
2024-06-04 13:53:45,22.98,34.54
2024-06-04 13:55:12,20.84,31.65
2024-06-04 13:56:38,22.1,65.69
2024-06-04 13:58:04,22.22,37.97
2024-06-04 13:59:31,20.69,42.27
2024-06-04 14:00:57,23.78,48.02
2024-06-04 14:02:24,26.86,44.08
2024-06-04 14:03:50,29.69,31.98
2024-06-04 14:05:16,29.95,37.75
2024-06-04 14:06:43,22.29,48.33
2024-06-04 14:08:09,20.74,42.66
2024-06-04 14:09:36,23.88,63.57
2024-06-04 14:11:02,27.0,30.15
2024-06-04 14:12:28,20.59,42.16
2024-06-04 14:13:55,24.39,68.62
2024-06-04 14:15:21,22.11,39.53
2024-06-04 14:16:48,23.43,67.11
2024-06-04 14:18:14,22.39,37.91
2024-06-04 14:19:40,29.62,65.16
2024-06-04 14:21:07,26.25,38.75
2024-06-04 14:22:33,22.33,63.46
2024-06-04 14:24:00,22.99,46.5
2024-06-04 14:25:26,26.89,38.41
2024-06-04 14:26:52,22.39,46.75
2024-06-04 14:28:19,22.96,51.4
2024-06-04 14:29:45,23.6,48.9
2024-06-04 14:31:12,25.73,35.04
2024-06-04 14:32:38,23.31,36.99
2024-06-04 14:34:04,20.37,69.52
2024-06-04 14:35:31,22.98,48.1
2024-06-04 14:36:57,23.49,67.16
2024-06-04 14:38:24,22.38,45.47
2024-06-04 14:39:50,29.06,52.23
2024-06-04 14:41:16,29.08,62.87
2024-06-04 14:42:43,21.75,60.72
2024-06-04 14:44:09,20.18,40.96
2024-06-04 14:45:36,20.91,52.5
2024-06-04 14:47:02,25.94,34.66
2024-06-04 14:48:28,22.99,67.41
2024-06-04 14:49:55,22.56,53.29
2024-06-04 14:51:21,21.1,30.33
2024-06-04 14:52:48,24.78,65.78
2024-06-04 14:54:14,22.42,64.4
2024-06-04 14:55:40,23.62,30.62
2024-06-04 14:57:07,25.77,64.1
2024-06-04 14:58:33,25.64,52.43
2024-06-04 15:00:00,24.93,35.0
2024-06-04 15:01:26,20.12,31.84
2024-06-04 15:02:52,28.3,67.87
2024-06-04 15:04:19,20.93,51.03
2024-06-04 15:05:45,25.44,36.41
2024-06-04 15:07:12,29.6,34.59
2024-06-04 15:08:38,23.0,38.48
2024-06-04 15:10:04,20.05,39.48
2024-06-04 15:11:31,23.47,60.51
2024-06-04 15:12:57,29.97,41.46
2024-06-04 15:14:24,22.68,61.53
2024-06-04 15:15:50,23.08,48.47
2024-06-04 15:17:16,20.58,52.67
2024-06-04 15:18:43,25.67,31.33
2024-06-04 15:20:09,24.31,47.01
2024-06-04 15:21:36,28.43,37.68
2024-06-04 15:23:02,28.93,64.24
2024-06-04 15:24:28,20.27,56.95
2024-06-04 15:25:55,26.69,65.94
2024-06-04 15:27:21,21.66,38.38
2024-06-04 15:28:48,22.51,62.33
2024-06-04 15:30:14,26.79,67.73
2024-06-04 15:31:40,21.48,69.29
2024-06-04 15:33:07,21.8,68.74
2024-06-04 15:34:33,24.0,42.76
2024-06-04 15:36:00,29.6,33.14
2024-06-04 15:37:26,23.13,44.27
2024-06-04 15:38:52,21.78,41.4
2024-06-04 15:40:19,23.08,69.22
2024-06-04 15:41:45,21.7,58.09
2024-06-04 15:43:12,23.18,54.39
2024-06-04 15:44:38,27.82,30.78
2024-06-04 15:46:04,22.65,56.79
2024-06-04 15:47:31,21.37,43.88
2024-06-04 15:48:57,26.18,62.4
2024-06-04 15:50:24,28.66,63.66
2024-06-04 15:51:50,27.62,58.35
2024-06-04 15:53:16,29.56,47.08
2024-06-04 15:54:43,20.85,45.13
2024-06-04 15:56:09,27.73,65.76
2024-06-04 15:57:36,24.9,56.1
2024-06-04 15:59:02,28.92,64.33
2024-06-04 16:00:28,21.7,52.38
2024-06-04 16:01:55,24.21,35.05
2024-06-04 16:03:21,21.55,38.73
2024-06-04 16:04:48,27.09,42.2
2024-06-04 16:06:14,23.43,38.98
2024-06-04 16:07:40,22.48,39.81
2024-06-04 16:09:07,25.42,46.76
2024-06-04 16:10:33,20.57,51.53
2024-06-04 16:12:00,23.94,33.14
2024-06-04 16:13:26,24.16,30.22
2024-06-04 16:14:52,23.98,43.92
2024-06-04 16:16:19,26.52,65.67
2024-06-04 16:17:45,24.62,69.81
2024-06-04 16:19:12,27.62,30.24
2024-06-04 16:20:38,29.26,65.15
2024-06-04 16:22:04,21.45,34.15
2024-06-04 16:23:31,23.89,37.28
2024-06-04 16:24:57,24.59,55.68
2024-06-04 16:26:24,25.86,65.23
2024-06-04 16:27:50,21.84,69.13
2024-06-04 16:29:16,23.6,61.32
2024-06-04 16:30:43,28.67,32.88
2024-06-04 16:32:09,22.21,45.32
2024-06-04 16:33:36,23.59,65.73
2024-06-04 16:35:02,22.37,65.04
2024-06-04 16:36:28,22.89,32.37
2024-06-04 16:37:55,27.73,41.29
2024-06-04 16:39:21,20.59,67.25
2024-06-04 16:40:48,24.77,69.78
2024-06-04 16:42:14,21.24,38.04
2024-06-04 16:43:40,20.42,51.58
2024-06-04 16:45:07,22.99,39.2
2024-06-04 16:46:33,29.56,39.75
2024-06-04 16:48:00,25.42,51.68
2024-06-04 16:49:26,26.39,30.17
2024-06-04 16:50:52,23.21,47.01
2024-06-04 16:52:19,21.4,46.91
2024-06-04 16:53:45,23.58,38.7
2024-06-04 16:55:12,23.31,68.86
2024-06-04 16:56:38,20.1,31.24
2024-06-04 16:58:04,22.31,47.55
2024-06-04 16:59:31,20.96,40.13
2024-06-04 17:00:57,26.18,46.73
2024-06-04 17:02:24,26.69,44.23
2024-06-04 17:03:50,21.17,58.82
2024-06-04 17:05:16,20.41,53.12
2024-06-04 17:06:43,21.27,44.18
2024-06-04 17:08:09,22.97,34.73
2024-06-04 17:09:36,26.8,43.13
2024-06-04 17:11:02,22.19,32.87
2024-06-04 17:12:28,21.38,42.67
2024-06-04 17:13:55,29.31,36.49
2024-06-04 17:15:21,23.88,50.42
2024-06-04 17:16:48,29.89,40.46
2024-06-04 17:18:14,29.91,57.74
2024-06-04 17:19:40,20.18,66.78
2024-06-04 17:21:07,20.16,35.85
2024-06-04 17:22:33,25.63,57.55
2024-06-04 17:24:00,29.74,30.01
2024-06-04 17:25:26,23.8,66.92
2024-06-04 17:26:52,29.95,46.19
2024-06-04 17:28:19,25.99,62.88
2024-06-04 17:29:45,24.17,30.91
2024-06-04 17:31:12,27.81,48.37
2024-06-04 17:32:38,21.58,40.85
2024-06-04 17:34:04,29.9,67.35
2024-06-04 17:35:31,25.44,69.22
2024-06-04 17:36:57,21.88,35.22
2024-06-04 17:38:24,22.94,39.99
2024-06-04 17:39:50,26.82,52.79
2024-06-04 17:41:16,20.14,32.79
2024-06-04 17:42:43,27.99,50.78
2024-06-04 17:44:09,25.81,50.21
2024-06-04 17:45:36,28.13,53.12
2024-06-04 17:47:02,22.27,49.17
2024-06-04 17:48:28,27.13,42.22
2024-06-04 17:49:55,22.79,58.44
2024-06-04 17:51:21,23.06,67.01
2024-06-04 17:52:48,22.42,54.36
2024-06-04 17:54:14,23.08,34.95
2024-06-04 17:55:40,29.66,57.98
2024-06-04 17:57:07,28.4,35.8
2024-06-04 17:58:33,22.62,51.8
2024-06-04 18:00:00,26.68,59.64
2024-06-04 18:01:26,28.0,61.81
2024-06-04 18:02:52,25.9,47.09
2024-06-04 18:04:19,24.78,49.15
2024-06-04 18:05:45,25.14,60.39
2024-06-04 18:07:12,28.15,54.42
2024-06-04 18:08:38,25.13,35.86
2024-06-04 18:10:04,20.39,31.71
2024-06-04 18:11:31,26.0,39.03
2024-06-04 18:12:57,25.04,49.8
2024-06-04 18:14:24,24.26,51.03
2024-06-04 18:15:50,22.45,51.81
2024-06-04 18:17:16,29.42,41.23
2024-06-04 18:18:43,28.66,54.84
2024-06-04 18:20:09,22.41,37.12
2024-06-04 18:21:36,29.02,65.56
2024-06-04 18:23:02,21.03,47.23
2024-06-04 18:24:28,26.99,30.55
2024-06-04 18:25:55,26.42,52.33
2024-06-04 18:27:21,28.9,64.21
2024-06-04 18:28:48,27.7,60.58
2024-06-04 18:30:14,28.42,42.93
2024-06-04 18:31:40,28.28,50.71
2024-06-04 18:33:07,29.63,68.5
2024-06-04 18:34:33,21.47,68.22
2024-06-04 18:36:00,24.7,53.8
2024-06-04 18:37:26,24.04,68.1
2024-06-04 18:38:52,27.26,34.16
2024-06-04 18:40:19,24.38,51.97
2024-06-04 18:41:45,29.16,53.35
2024-06-04 18:43:12,29.64,45.56
2024-06-04 18:44:38,29.77,42.64
2024-06-04 18:46:04,29.61,51.29
2024-06-04 18:47:31,28.52,63.76
2024-06-04 18:48:57,28.5,31.81
2024-06-04 18:50:24,24.06,58.12
2024-06-04 18:51:50,23.23,61.72
2024-06-04 18:53:16,28.65,45.65
2024-06-04 18:54:43,20.17,58.38
2024-06-04 18:56:09,29.61,61.44
2024-06-04 18:57:36,24.18,31.4
2024-06-04 18:59:02,21.46,49.44
2024-06-04 19:00:28,27.81,54.73
2024-06-04 19:01:55,29.97,51.55
2024-06-04 19:03:21,25.34,54.5
2024-06-04 19:04:48,29.25,33.25
2024-06-04 19:06:14,20.27,37.39
2024-06-04 19:07:40,21.41,35.37
2024-06-04 19:09:07,21.86,54.15
2024-06-04 19:10:33,20.49,51.98
2024-06-04 19:12:00,28.65,46.0
2024-06-04 19:13:26,25.74,34.56
2024-06-04 19:14:52,28.38,42.87
2024-06-04 19:16:19,22.48,67.18
2024-06-04 19:17:45,23.65,42.89
2024-06-04 19:19:12,28.58,50.0
2024-06-04 19:20:38,27.09,30.87
2024-06-04 19:22:04,27.17,33.28
2024-06-04 19:23:31,24.56,61.46
2024-06-04 19:24:57,20.7,55.71
2024-06-04 19:26:24,20.89,61.07
2024-06-04 19:27:50,26.68,68.54
2024-06-04 19:29:16,26.26,65.46
2024-06-04 19:30:43,22.02,66.66
2024-06-04 19:32:09,28.18,30.28
2024-06-04 19:33:36,21.92,31.39
2024-06-04 19:35:02,28.63,53.53
2024-06-04 19:36:28,28.45,55.94
2024-06-04 19:37:55,25.06,67.87
2024-06-04 19:39:21,29.2,52.44
2024-06-04 19:40:48,21.05,33.06
2024-06-04 19:42:14,27.0,47.4
2024-06-04 19:43:40,23.77,60.03
2024-06-04 19:45:07,26.37,53.26
2024-06-04 19:46:33,25.8,49.24
2024-06-04 19:48:00,26.28,59.44
2024-06-04 19:49:26,26.79,52.79
2024-06-04 19:50:52,23.73,43.13
2024-06-04 19:52:19,29.16,49.77
2024-06-04 19:53:45,25.34,30.85
2024-06-04 19:55:12,22.25,41.32
2024-06-04 19:56:38,22.38,44.47
2024-06-04 19:58:04,29.4,57.24
2024-06-04 19:59:31,21.22,61.73
2024-06-04 20:00:57,26.43,31.67
2024-06-04 20:02:24,23.13,40.93
2024-06-04 20:03:50,25.53,40.55
2024-06-04 20:05:16,28.43,58.66
2024-06-04 20:06:43,24.22,36.22
2024-06-04 20:08:09,27.68,65.18
2024-06-04 20:09:36,29.35,52.71
2024-06-04 20:11:02,28.43,64.4
2024-06-04 20:12:28,29.92,60.86
2024-06-04 20:13:55,27.02,52.31
2024-06-04 20:15:21,23.37,37.82
2024-06-04 20:16:48,29.76,54.9
2024-06-04 20:18:14,26.95,53.14
2024-06-04 20:19:40,23.94,36.13
2024-06-04 20:21:07,27.94,57.32
2024-06-04 20:22:33,26.82,56.88
2024-06-04 20:24:00,24.24,45.14
2024-06-04 20:25:26,25.43,38.72
2024-06-04 20:26:52,24.54,55.97
2024-06-04 20:28:19,23.19,66.56
2024-06-04 20:29:45,22.17,56.2
2024-06-04 20:31:12,23.1,44.86
2024-06-04 20:32:38,22.29,54.07
2024-06-04 20:34:04,25.69,36.83
2024-06-04 20:35:31,29.77,31.43
2024-06-04 20:36:57,29.09,49.64
2024-06-04 20:38:24,25.72,64.11
2024-06-04 20:39:50,20.23,67.43
2024-06-04 20:41:16,25.19,64.7
2024-06-04 20:42:43,29.59,62.84
2024-06-04 20:44:09,20.95,59.99
2024-06-04 20:45:36,27.61,51.34
2024-06-04 20:47:02,21.99,40.46
2024-06-04 20:48:28,25.84,50.25
2024-06-04 20:49:55,29.5,69.76
2024-06-04 20:51:21,26.21,44.75
2024-06-04 20:52:48,25.52,40.84
2024-06-04 20:54:14,29.2,39.11
2024-06-04 20:55:40,24.91,39.87
2024-06-04 20:57:07,27.02,65.16
2024-06-04 20:58:33,29.48,66.84
2024-06-04 21:00:00,29.65,46.16
2024-06-04 21:01:26,27.23,50.63
2024-06-04 21:02:52,25.37,55.34
2024-06-04 21:04:19,26.75,45.72
2024-06-04 21:05:45,20.74,56.17
2024-06-04 21:07:12,22.07,34.92
2024-06-04 21:08:38,27.49,63.34
2024-06-04 21:10:04,29.69,49.06
2024-06-04 21:11:31,24.22,63.23
2024-06-04 21:12:57,24.83,33.64
2024-06-04 21:14:24,21.75,45.16
2024-06-04 21:15:50,24.08,60.58
2024-06-04 21:17:16,21.06,39.37
2024-06-04 21:18:43,23.66,57.86
2024-06-04 21:20:09,29.93,39.27
2024-06-04 21:21:36,25.95,40.36
2024-06-04 21:23:02,22.81,63.27
2024-06-04 21:24:28,25.84,43.99
2024-06-04 21:25:55,27.25,61.65
2024-06-04 21:27:21,29.48,47.7
2024-06-04 21:28:48,20.72,68.53
2024-06-04 21:30:14,26.51,47.36
2024-06-04 21:31:40,22.73,59.2
2024-06-04 21:33:07,21.83,40.7
2024-06-04 21:34:33,20.74,59.73
2024-06-04 21:36:00,21.0,30.85
2024-06-04 21:37:26,26.98,31.82
2024-06-04 21:38:52,28.63,65.28
2024-06-04 21:40:19,22.54,31.32
2024-06-04 21:41:45,22.26,51.02
2024-06-04 21:43:12,21.48,35.2
2024-06-04 21:44:38,28.21,39.01
2024-06-04 21:46:04,26.53,50.11
2024-06-04 21:47:31,29.45,45.29
2024-06-04 21:48:57,28.87,43.1
2024-06-04 21:50:24,27.39,51.96
2024-06-04 21:51:50,26.4,35.02
2024-06-04 21:53:16,29.2,52.15
2024-06-04 21:54:43,22.0,64.53
2024-06-04 21:56:09,23.57,64.96
2024-06-04 21:57:36,22.62,44.99
2024-06-04 21:59:02,29.05,58.98
2024-06-04 22:00:28,24.54,51.96
2024-06-04 22:01:55,25.44,67.53
2024-06-04 22:03:21,25.51,47.99
2024-06-04 22:04:48,20.64,59.49
2024-06-04 22:06:14,23.16,41.04
2024-06-04 22:07:40,26.45,47.08
2024-06-04 22:09:07,28.62,34.51
2024-06-04 22:10:33,24.45,45.13
2024-06-04 22:12:00,21.97,44.0
2024-06-04 22:13:26,29.47,60.15
2024-06-04 22:14:52,26.01,39.22
2024-06-04 22:16:19,23.89,53.84
2024-06-04 22:17:45,24.63,55.5
2024-06-04 22:19:12,29.65,63.15
2024-06-04 22:20:38,28.91,60.29
2024-06-04 22:22:04,29.25,38.51
2024-06-04 22:23:31,21.03,54.78
2024-06-04 22:24:57,23.39,49.03
2024-06-04 22:26:24,24.64,48.47
2024-06-04 22:27:50,27.57,54.01
2024-06-04 22:29:16,20.45,65.48
2024-06-04 22:30:43,22.72,49.19
2024-06-04 22:32:09,25.07,34.93
2024-06-04 22:33:36,28.47,67.09
2024-06-04 22:35:02,24.11,64.13
2024-06-04 22:36:28,28.59,58.02
2024-06-04 22:37:55,28.96,64.36
2024-06-04 22:39:21,27.8,34.06
2024-06-04 22:40:48,26.64,42.31
2024-06-04 22:42:14,21.71,48.76
2024-06-04 22:43:40,20.39,52.1
2024-06-04 22:45:07,28.51,62.66
2024-06-04 22:46:33,20.71,53.29
2024-06-04 22:48:00,24.71,51.41
2024-06-04 22:49:26,20.03,69.92
2024-06-04 22:50:52,26.39,41.9
2024-06-04 22:52:19,26.69,63.57
2024-06-04 22:53:45,25.17,37.92
2024-06-04 22:55:12,27.45,61.31
2024-06-04 22:56:38,29.11,59.87
2024-06-04 22:58:04,21.59,42.26
2024-06-04 22:59:31,27.34,69.12
2024-06-04 23:00:57,21.93,51.08
2024-06-04 23:02:24,25.99,54.99
2024-06-04 23:03:50,29.83,53.64
2024-06-04 23:05:16,29.31,51.87
2024-06-04 23:06:43,26.05,46.47
2024-06-04 23:08:09,28.24,49.72
2024-06-04 23:09:36,29.01,69.56
2024-06-04 23:11:02,20.11,34.12
2024-06-04 23:12:28,27.93,56.69
2024-06-04 23:13:55,23.07,69.38
2024-06-04 23:15:21,21.0,60.09
2024-06-04 23:16:48,22.94,61.21
2024-06-04 23:18:14,28.1,39.58
2024-06-04 23:19:40,22.64,44.81
2024-06-04 23:21:07,20.51,63.64
2024-06-04 23:22:33,25.25,62.86
2024-06-04 23:24:00,24.05,59.66
2024-06-04 23:25:26,25.25,35.14
2024-06-04 23:26:52,27.31,31.83
2024-06-04 23:28:19,20.43,44.46
2024-06-04 23:29:45,25.01,31.62
2024-06-04 23:31:12,20.98,56.29
2024-06-04 23:32:38,29.22,59.35
2024-06-04 23:34:04,28.97,45.47
2024-06-04 23:35:31,21.66,37.48
2024-06-04 23:36:57,20.06,50.6
2024-06-04 23:38:24,25.15,46.97
2024-06-04 23:39:50,28.54,64.46
2024-06-04 23:41:16,20.93,34.94
2024-06-04 23:42:43,26.66,54.32
2024-06-04 23:44:09,29.49,52.52
2024-06-04 23:45:36,28.43,66.7
2024-06-04 23:47:02,23.58,55.11
2024-06-04 23:48:28,28.31,60.61
2024-06-04 23:49:55,29.8,43.0
2024-06-04 23:51:21,26.43,66.65
2024-06-04 23:52:48,22.56,65.96
2024-06-04 23:54:14,23.9,69.06
2024-06-04 23:55:40,26.99,66.19
2024-06-04 23:57:07,20.57,44.02
2024-06-04 23:58:33,23.06,42.28
