Timestamp,Temperature (C),Fan Speed,Occupancy,Energy Usage (kWh)
04/06/24 00:00,20.55,7,0,0.08
04/06/24 00:01,15.45,40,0,0.44
04/06/24 00:02,20.99,46,2,0.54
04/06/24 00:03,27.24,48,1,0.43
04/06/24 00:04,20.33,46,1,0.38
04/06/24 00:05,20.18,74,0,0.61
04/06/24 00:06,19.25,13,3,0.11
04/06/24 00:07,24.99,4,1,0.04
04/06/24 00:08,23.83,91,2,0.99
04/06/24 00:09,15.15,70,0,0.79
04/06/24 00:10,26.21,27,3,0.24
04/06/24 00:11,15.95,73,1,0.72
04/06/24 00:12,27.42,54,0,0.54
04/06/24 00:13,19.67,88,3,0.88
04/06/24 00:14,22.26,40,1,0.33
04/06/24 00:15,20.57,75,2,0.81
04/06/24 00:16,21.68,90,3,1.07
04/06/24 00:17,22.77,16,1,0.13
04/06/24 00:18,28.68,89,0,1.02
04/06/24 00:19,21.88,28,2,0.33
04/06/24 00:20,27.93,90,2,0.77
04/06/24 00:21,19.27,9,0,0.08
04/06/24 00:22,29.67,81,3,0.87
04/06/24 00:23,25.14,38,0,0.36
04/06/24 00:24,20.02,13,2,0.11
04/06/24 00:25,25.08,44,3,0.35
04/06/24 00:26,21.85,81,3,0.72
04/06/24 00:27,26.07,15,1,0.17
04/06/24 00:28,21.99,20,1,0.17
04/06/24 00:29,26.4,95,3,0.84
04/06/24 00:30,15.92,50,2,0.55
04/06/24 00:31,18.46,46,2,0.54
04/06/24 00:32,29.19,4,1,0.04
04/06/24 00:33,16.98,83,2,0.86
04/06/24 00:34,17.54,1,0,0.01
04/06/24 00:35,15.28,64,2,0.6
04/06/24 00:36,18.66,92,1,1.4
04/06/24 00:37,23.66,95,1,0.77
04/06/24 00:38,24.04,53,2,0.58
04/06/24 00:39,21.83,62,3,0.74
04/06/24 00:40,27.07,4,1,0.04
04/06/24 00:41,26.32,15,3,0.17
04/06/24 00:42,26.59,13,1,0.15
04/06/24 00:43,28.66,97,3,0.81
04/06/24 00:44,26.48,14,2,0.14
04/06/24 00:45,26.78,11,1,0.13
04/06/24 00:46,29.01,29,1,0.32
04/06/24 00:47,15.15,11,1,0.1
04/06/24 00:48,25.82,73,1,0.76
04/06/24 00:49,29.19,87,1,0.94
04/06/24 00:50,25.97,98,3,1.8
04/06/24 00:51,29.25,70,1,0.56
04/06/24 00:52,21.06,19,3,0.16
04/06/24 00:53,29.17,31,1,0.31
04/06/24 00:54,17.09,7,1,0.07
04/06/24 00:55,15.21,49,0,0.44
04/06/24 00:56,16.86,94,5,1.58
04/06/24 00:57,23.9,10,0,0.09
04/06/24 00:58,19.51,20,2,0.18
04/06/24 00:59,21.48,43,2,0.39
04/06/24 01:00,21.05,15,0,0.17
04/06/24 01:01,20.99,92,1,0.88
04/06/24 01:02,20.83,88,1,0.75
04/06/24 01:03,18.57,96,2,1.49
04/06/24 01:04,28.38,84,1,0.96
04/06/24 01:05,16.25,1,0,0.01
04/06/24 01:06,27.81,70,3,0.67
04/06/24 01:07,26.19,91,3,1.06
04/06/24 01:08,17.75,81,1,1.47
04/06/24 01:09,20.85,100,2,1.1
04/06/24 01:10,27.5,82,0,0.88
04/06/24 01:11,25.53,83,3,0.75
04/06/24 01:12,22.41,52,0,0.5
04/06/24 01:13,19.39,13,1,0.11
04/06/24 01:14,26.32,27,3,0.22
04/06/24 01:15,28.12,1,2,0.01
04/06/24 01:16,23.81,47,3,0.43
04/06/24 01:17,16.82,80,3,0.72
04/06/24 01:18,19.36,28,0,0.32
04/06/24 01:19,25.94,91,1,1.47
04/06/24 01:20,23.02,79,2,0.86
04/06/24 01:21,27.24,41,0,0.33
04/06/24 01:22,23.68,26,0,0.24
04/06/24 01:23,26.51,88,5,1.37
04/06/24 01:24,23.97,80,3,0.81
04/06/24 01:25,21.01,11,2,0.13
04/06/24 01:26,27.31,11,2,0.09
04/06/24 01:27,25.08,87,3,1.02
04/06/24 01:28,17.28,41,2,0.35
04/06/24 01:29,27.53,39,0,0.32
04/06/24 01:30,27.72,43,0,0.36
04/06/24 01:31,28.67,66,2,0.6
04/06/24 01:32,16.29,46,3,0.54
04/06/24 01:33,26.45,98,0,1.08
04/06/24 01:34,28.12,95,2,1.06
04/06/24 01:35,16.92,90,1,0.98
04/06/24 01:36,26.05,86,3,1.33
04/06/24 01:37,19.04,15,2,0.15
04/06/24 01:38,19.2,80,0,0.76
04/06/24 01:39,25.37,69,0,0.83
04/06/24 01:40,18.41,45,2,0.52
04/06/24 01:41,28.19,26,3,0.26
04/06/24 01:42,28.29,76,2,0.87
04/06/24 01:43,23.73,83,0,1.25
04/06/24 01:44,19.07,71,2,0.78
04/06/24 01:45,23.16,55,1,0.54
04/06/24 01:46,18.56,76,0,0.9
04/06/24 01:47,25.81,2,3,0.02
04/06/24 01:48,26.1,92,0,0.77
04/06/24 01:49,16.98,15,1,0.14
04/06/24 01:50,26.64,79,1,0.77
04/06/24 01:51,18.85,80,1,0.65
04/06/24 01:52,16.78,39,1,0.33
04/06/24 01:53,29.77,42,1,0.49
04/06/24 01:54,24.87,89,1,1.59
04/06/24 01:55,16.5,90,1,0.73
04/06/24 01:56,23.38,46,3,0.46
04/06/24 01:57,19.01,22,0,0.19
04/06/24 01:58,20.18,20,0,0.17
04/06/24 01:59,23.3,50,1,0.46
04/06/24 02:00,26.35,3,1,0.03
04/06/24 02:01,18.84,54,0,0.49
04/06/24 02:02,27.79,3,1,0.03
04/06/24 02:03,22.3,46,2,0.44
04/06/24 02:04,19.32,86,2,0.75
04/06/24 02:05,21.18,88,4,1.51
04/06/24 02:06,28.12,90,3,0.95
04/06/24 02:07,22.9,86,3,0.76
04/06/24 02:08,27.54,85,1,0.91
04/06/24 02:09,20.79,95,2,0.88
04/06/24 02:10,24.32,31,1,0.28
04/06/24 02:11,29.71,34,2,0.29
04/06/24 02:12,15.82,28,0,0.3
04/06/24 02:13,29.31,81,3,1.46
04/06/24 02:14,21.48,59,3,0.62
04/06/24 02:15,27.3,79,3,0.88
04/06/24 02:16,19.53,99,2,0.93
04/06/24 02:17,16.88,71,2,0.6
04/06/24 02:18,24.8,27,1,0.29
04/06/24 02:19,24.77,100,4,1.9
04/06/24 02:20,26.92,42,3,0.39
04/06/24 02:21,26.91,61,0,0.58
04/06/24 02:22,29.43,17,2,0.18
04/06/24 02:23,16.12,45,2,0.45
04/06/24 02:24,15.98,11,2,0.13
04/06/24 02:25,19.49,38,1,0.37
04/06/24 02:26,16.29,75,0,0.74
04/06/24 02:27,20.86,11,2,0.12
04/06/24 02:28,24.36,38,0,0.36
04/06/24 02:29,27.39,19,2,0.21
04/06/24 02:30,17.04,47,0,0.41
04/06/24 02:31,23.13,54,3,0.56
04/06/24 02:32,18.92,86,2,1.53
04/06/24 02:33,23.51,80,3,0.84
04/06/24 02:34,22.19,51,0,0.51
04/06/24 02:35,27.78,40,1,0.34
04/06/24 02:36,17.46,20,2,0.2
04/06/24 02:37,23.45,48,3,0.56
04/06/24 02:38,27.63,88,0,1.05
04/06/24 02:39,15.35,99,3,0.84
04/06/24 02:40,25.65,58,0,0.64
04/06/24 02:41,24.4,90,1,1.48
04/06/24 02:42,20.6,13,0,0.1
04/06/24 02:43,16.79,39,0,0.39
04/06/24 02:44,26.87,45,2,0.42
04/06/24 02:45,21.83,32,1,0.32
04/06/24 02:46,16.04,100,0,0.94
04/06/24 02:47,17.84,72,1,0.77
04/06/24 02:48,22.62,22,1,0.2
04/06/24 02:49,15.94,43,1,0.49
04/06/24 02:50,18.34,94,3,0.98
04/06/24 02:51,18.53,4,3,0.04
04/06/24 02:52,17.17,53,0,0.6
04/06/24 02:53,24.58,80,3,1.32
04/06/24 02:54,24.99,81,2,1.37
04/06/24 02:55,21.06,33,3,0.37
04/06/24 02:56,22.91,27,1,0.31
04/06/24 02:57,28.19,68,0,0.75
04/06/24 02:58,25.78,3,0,0.03
04/06/24 02:59,29.97,18,0,0.15
04/06/24 03:00,29.96,37,3,0.39
04/06/24 03:01,15.79,18,0,0.17
04/06/24 03:02,26.61,58,2,0.52
04/06/24 03:03,22.22,48,3,0.56
04/06/24 03:04,25.56,62,2,0.67
04/06/24 03:05,27.59,18,3,0.17
04/06/24 03:06,17.89,22,1,0.19
04/06/24 03:07,26.78,68,2,0.59
04/06/24 03:08,24.18,86,3,1.58
04/06/24 03:09,16.9,81,0,0.84
04/06/24 03:10,20.5,79,2,0.67
04/06/24 03:11,15.68,13,0,0.11
04/06/24 03:12,17.73,75,0,0.75
04/06/24 03:13,16.4,73,3,0.87
04/06/24 03:14,29.19,19,2,0.19
04/06/24 03:15,28.14,24,0,0.2
04/06/24 03:16,15.68,99,1,1.92
04/06/24 03:17,20.93,68,2,0.66
04/06/24 03:18,15.81,31,2,0.32
04/06/24 03:19,22.91,25,2,0.25
04/06/24 03:20,25.11,62,2,0.72
04/06/24 03:21,29.06,29,3,0.31
04/06/24 03:22,20.3,59,1,0.65
04/06/24 03:23,22.23,79,0,0.91
04/06/24 03:24,18.68,81,3,0.93
04/06/24 03:25,26.18,87,2,0.87
04/06/24 03:26,16.48,1,0,0.01
04/06/24 03:27,21.17,92,2,1.61
04/06/24 03:28,28.08,94,0,0.8
04/06/24 03:29,18.54,95,2,0.77
04/06/24 03:30,23.96,63,1,0.56
04/06/24 03:31,23.34,75,3,0.72
04/06/24 03:32,26.81,46,0,0.46
04/06/24 03:33,26.48,95,2,0.83
04/06/24 03:34,20.54,85,5,1.57
04/06/24 03:35,22.36,2,1,0.02
04/06/24 03:36,27.39,16,2,0.17
04/06/24 03:37,22.1,47,1,0.46
04/06/24 03:38,28.92,25,1,0.3
04/06/24 03:39,25.74,70,3,0.6
04/06/24 03:40,29.92,60,2,0.51
04/06/24 03:41,28.7,85,1,0.91
04/06/24 03:42,25.92,26,0,0.24
04/06/24 03:43,22.82,90,1,1.04
04/06/24 03:44,25.9,73,3,0.72
04/06/24 03:45,18.76,20,0,0.17
04/06/24 03:46,28.88,24,1,0.26
04/06/24 03:47,23.01,16,1,0.19
04/06/24 03:48,16.42,58,3,0.61
04/06/24 03:49,16.78,79,0,0.87
04/06/24 03:50,26.78,75,2,0.73
04/06/24 03:51,21.91,99,0,0.92
04/06/24 03:52,15.82,5,1,0.05
04/06/24 03:53,22.11,63,2,0.63
04/06/24 03:54,19.71,74,2,0.68
04/06/24 03:55,26.68,27,3,0.22
04/06/24 03:56,24.52,98,4,1.59
04/06/24 03:57,17.17,90,3,0.79
04/06/24 03:58,17.1,12,2,0.14
04/06/24 03:59,28.01,99,0,1.74
04/06/24 04:00,18.8,99,1,1.93
04/06/24 04:01,16.16,89,1,1.05
04/06/24 04:02,17.75,39,3,0.43
04/06/24 04:03,17.87,1,0,0.01
04/06/24 04:04,15.47,32,2,0.37
04/06/24 04:05,24.04,69,1,0.82
04/06/24 04:06,25.46,0,0,0.0
04/06/24 04:07,16.34,1,3,0.01
04/06/24 04:08,17.24,56,3,0.45
04/06/24 04:09,16.42,59,0,0.48
04/06/24 04:10,16.54,49,3,0.49
04/06/24 04:11,23.28,71,3,0.64
04/06/24 04:12,19.96,10,0,0.1
04/06/24 04:13,23.11,29,0,0.23
04/06/24 04:14,24.92,99,4,1.82
04/06/24 04:15,27.91,12,2,0.11
04/06/24 04:16,15.88,87,3,0.94
04/06/24 04:17,15.09,60,0,0.58
04/06/24 04:18,23.96,10,2,0.1
04/06/24 04:19,21.65,34,3,0.39
04/06/24 04:20,15.29,72,1,0.85
04/06/24 04:21,18.95,1,0,0.01
04/06/24 04:22,25.36,26,3,0.3
04/06/24 04:23,26.16,93,2,1.04
04/06/24 04:24,18.24,65,1,0.68
04/06/24 04:25,21.36,69,0,0.66
04/06/24 04:26,25.78,77,0,0.88
04/06/24 04:27,16.42,22,2,0.26
04/06/24 04:28,28.3,86,3,0.9
04/06/24 04:29,19.28,89,5,1.49
04/06/24 04:30,22.47,33,1,0.34
04/06/24 04:31,23.32,1,2,0.01
04/06/24 04:32,26.66,55,3,0.6
04/06/24 04:33,26.3,44,0,0.45
04/06/24 04:34,15.99,58,2,0.62
04/06/24 04:35,22.19,8,3,0.07
04/06/24 04:36,28.76,32,0,0.33
04/06/24 04:37,15.15,13,3,0.11
04/06/24 04:38,28.16,71,2,0.74
04/06/24 04:39,21.59,69,1,0.58
04/06/24 04:40,20.58,39,3,0.45
04/06/24 04:41,21.22,70,1,0.74
04/06/24 04:42,17.79,96,3,1.04
04/06/24 04:43,24.14,40,3,0.33
04/06/24 04:44,21.24,82,3,1.56
04/06/24 04:45,15.01,80,3,0.91
04/06/24 04:46,22.24,88,1,0.79
04/06/24 04:47,20.7,71,1,0.78
04/06/24 04:48,26.51,90,4,1.55
04/06/24 04:49,29.23,18,3,0.16
04/06/24 04:50,28.66,21,1,0.2
04/06/24 04:51,21.0,38,2,0.36
04/06/24 04:52,29.69,93,2,0.82
04/06/24 04:53,24.09,84,1,1.0
04/06/24 04:54,29.34,100,1,0.84
04/06/24 04:55,29.57,83,0,0.8
04/06/24 04:56,24.52,41,2,0.38
04/06/24 04:57,19.68,13,3,0.11
04/06/24 04:58,17.32,26,2,0.25
04/06/24 04:59,25.83,5,3,0.05
04/06/24 05:00,29.33,50,3,0.52
04/06/24 05:01,15.47,89,3,1.04
04/06/24 05:02,22.84,77,1,0.75
04/06/24 05:03,23.35,40,3,0.46
04/06/24 05:04,20.71,54,1,0.49
04/06/24 05:05,19.04,90,0,1.66
04/06/24 05:06,19.47,27,0,0.29
04/06/24 05:07,28.81,79,0,0.82
04/06/24 05:08,17.41,53,2,0.44
04/06/24 05:09,27.41,42,1,0.39
04/06/24 05:10,20.37,20,0,0.16
04/06/24 05:11,22.42,40,2,0.33
04/06/24 05:12,24.07,31,3,0.26
04/06/24 05:13,25.96,36,1,0.37
04/06/24 05:14,19.72,74,3,0.81
04/06/24 05:15,19.15,85,0,1.64
04/06/24 05:16,19.01,26,0,0.22
04/06/24 05:17,28.41,87,0,0.72
04/06/24 05:18,28.1,39,0,0.33
04/06/24 05:19,27.48,65,0,0.74
04/06/24 05:20,29.14,93,2,0.94
04/06/24 05:21,25.19,95,2,1.84
04/06/24 05:22,16.65,70,3,0.81
04/06/24 05:23,26.88,45,2,0.47
04/06/24 05:24,18.24,97,0,0.93
04/06/24 05:25,16.45,81,3,0.68
04/06/24 05:26,19.4,100,1,1.12
04/06/24 05:27,21.65,60,2,0.57
04/06/24 05:28,20.16,49,3,0.49
04/06/24 05:29,29.25,92,0,1.4
04/06/24 05:30,25.77,4,3,0.04
04/06/24 05:31,24.1,88,1,1.51
04/06/24 05:32,26.09,71,2,0.6
04/06/24 05:33,23.73,89,0,0.82
04/06/24 05:34,23.46,4,3,0.04
04/06/24 05:35,29.78,92,1,0.89
04/06/24 05:36,16.19,89,3,0.74
04/06/24 05:37,19.75,97,2,1.14
04/06/24 05:38,29.46,97,3,1.87
04/06/24 05:39,26.01,39,0,0.35
04/06/24 05:40,29.6,45,2,0.44
04/06/24 05:41,24.7,9,1,0.07
04/06/24 05:42,23.66,39,2,0.44
04/06/24 05:43,27.24,55,3,0.58
04/06/24 05:44,22.7,96,0,0.8
04/06/24 05:45,19.52,9,1,0.09
04/06/24 05:46,15.23,62,2,0.57
04/06/24 05:47,18.86,46,1,0.51
04/06/24 05:48,29.79,3,0,0.03
04/06/24 05:49,28.96,89,3,1.01
04/06/24 05:50,23.69,89,3,1.0
04/06/24 05:51,18.29,48,0,0.49
04/06/24 05:52,26.97,7,0,0.06
04/06/24 05:53,17.97,8,0,0.07
04/06/24 05:54,28.52,74,2,0.73
04/06/24 05:55,26.76,42,3,0.39
04/06/24 05:56,15.48,79,0,0.82
04/06/24 05:57,19.84,60,3,0.66
04/06/24 05:58,15.71,0,3,0.0
04/06/24 05:59,24.46,19,1,0.17
04/06/24 06:00,26.64,96,20,1.02
04/06/24 06:01,26.45,48,20,0.49
04/06/24 06:02,20.12,89,1,1.38
04/06/24 06:03,28.83,46,19,0.45
04/06/24 06:04,29.83,6,1,0.06
04/06/24 06:05,24.83,70,6,0.69
04/06/24 06:06,19.32,80,13,0.75
04/06/24 06:07,25.74,100,5,1.68
04/06/24 06:08,17.9,91,3,0.91
04/06/24 06:09,21.46,54,7,0.52
04/06/24 06:10,17.45,3,6,0.03
04/06/24 06:11,22.65,65,9,0.68
04/06/24 06:12,29.38,98,1,1.47
04/06/24 06:13,22.11,82,15,0.72
04/06/24 06:14,25.66,98,13,0.88
04/06/24 06:15,16.59,89,3,0.8
04/06/24 06:16,25.78,69,11,0.7
04/06/24 06:17,18.7,70,13,0.64
04/06/24 06:18,21.8,99,19,1.04
04/06/24 06:19,18.23,74,20,0.85
04/06/24 06:20,16.52,95,5,1.72
04/06/24 06:21,15.95,82,5,1.45
04/06/24 06:22,24.12,50,0,0.42
04/06/24 06:23,15.23,28,0,0.26
04/06/24 06:24,20.36,42,9,0.49
04/06/24 06:25,28.89,41,4,0.38
04/06/24 06:26,29.33,71,7,0.63
04/06/24 06:27,25.57,52,11,0.48
04/06/24 06:28,21.78,71,15,0.65
04/06/24 06:29,22.22,86,1,1.47
04/06/24 06:30,16.19,45,20,0.46
04/06/24 06:31,19.34,77,2,0.66
04/06/24 06:32,24.69,14,13,0.16
04/06/24 06:33,22.24,23,13,0.19
04/06/24 06:34,23.63,24,5,0.21
04/06/24 06:35,24.31,90,4,1.56
04/06/24 06:36,16.69,80,3,1.36
04/06/24 06:37,28.6,79,19,0.74
04/06/24 06:38,16.5,44,14,0.51
04/06/24 06:39,28.82,88,11,0.91
04/06/24 06:40,19.42,7,5,0.07
04/06/24 06:41,17.21,69,5,0.62
04/06/24 06:42,29.89,99,1,0.96
04/06/24 06:43,17.12,32,16,0.36
04/06/24 06:44,24.96,34,8,0.3
04/06/24 06:45,19.15,47,19,0.38
04/06/24 06:46,19.87,85,9,0.89
04/06/24 06:47,24.09,89,1,1.58
04/06/24 06:48,18.36,90,3,1.5
04/06/24 06:49,28.19,66,16,0.71
04/06/24 06:50,25.41,18,2,0.18
04/06/24 06:51,24.13,18,9,0.17
04/06/24 06:52,24.25,72,13,0.72
04/06/24 06:53,19.08,66,1,0.64
04/06/24 06:54,16.43,43,8,0.35
04/06/24 06:55,20.75,63,14,0.59
04/06/24 06:56,28.26,78,19,0.63
04/06/24 06:57,25.9,46,14,0.43
04/06/24 06:58,28.77,96,6,1.04
04/06/24 06:59,21.52,14,2,0.11
04/06/24 07:00,19.7,24,15,0.24
04/06/24 07:01,18.78,35,12,0.41
04/06/24 07:02,15.01,63,20,0.71
04/06/24 07:03,22.45,12,6,0.13
04/06/24 07:04,28.01,90,15,0.83
04/06/24 07:05,27.89,87,18,1.01
04/06/24 07:06,21.28,91,4,1.06
04/06/24 07:07,17.48,89,6,0.83
04/06/24 07:08,23.12,74,11,0.74
04/06/24 07:09,29.45,42,16,0.46
04/06/24 07:10,23.23,27,16,0.29
04/06/24 07:11,28.37,5,17,0.04
04/06/24 07:12,24.5,56,1,0.54
04/06/24 07:13,26.51,9,9,0.1
04/06/24 07:14,23.26,76,7,0.73
04/06/24 07:15,27.15,78,11,0.93
04/06/24 07:16,17.57,26,5,0.24
04/06/24 07:17,24.94,94,17,1.04
04/06/24 07:18,24.21,35,12,0.36
04/06/24 07:19,27.0,30,6,0.31
04/06/24 07:20,16.0,58,0,0.48
04/06/24 07:21,24.58,25,12,0.3
04/06/24 07:22,15.75,98,2,0.94
04/06/24 07:23,16.53,99,6,1.12
04/06/24 07:24,17.28,99,11,1.1
04/06/24 07:25,25.23,88,4,0.79
04/06/24 07:26,29.73,11,12,0.13
04/06/24 07:27,22.75,2,11,0.02
04/06/24 07:28,23.63,75,17,0.78
04/06/24 07:29,22.81,90,3,1.37
04/06/24 07:30,22.86,33,3,0.31
04/06/24 07:31,23.22,1,6,0.01
04/06/24 07:32,17.53,18,2,0.16
04/06/24 07:33,26.28,100,19,1.18
04/06/24 07:34,19.76,2,5,0.02
04/06/24 07:35,28.55,94,1,1.52
04/06/24 07:36,23.11,11,3,0.1
04/06/24 07:37,22.62,91,0,0.81
04/06/24 07:38,26.54,26,16,0.3
04/06/24 07:39,20.81,83,9,0.95
04/06/24 07:40,16.93,23,17,0.25
04/06/24 07:41,27.99,1,3,0.01
04/06/24 07:42,15.63,0,20,0.0
04/06/24 07:43,28.78,53,9,0.56
04/06/24 07:44,25.13,99,6,0.88
04/06/24 07:45,20.77,14,20,0.14
04/06/24 07:46,19.41,20,1,0.23
04/06/24 07:47,29.78,76,7,0.69
04/06/24 07:48,28.6,20,6,0.2
04/06/24 07:49,27.41,5,13,0.04
04/06/24 07:50,24.55,19,16,0.17
04/06/24 07:51,17.68,6,11,0.05
04/06/24 07:52,22.62,92,20,0.88
04/06/24 07:53,16.63,87,3,1.54
04/06/24 07:54,15.01,13,11,0.11
04/06/24 07:55,18.91,64,4,0.59
04/06/24 07:56,15.72,28,20,0.3
04/06/24 07:57,27.28,71,19,0.69
04/06/24 07:58,28.75,76,7,0.88
04/06/24 07:59,29.37,89,13,0.89
04/06/24 08:00,21.74,4,3,0.05
04/06/24 08:01,15.44,37,6,0.3
04/06/24 08:02,15.74,8,12,0.08
04/06/24 08:03,16.24,99,5,1.79
04/06/24 08:04,15.33,95,3,1.04
04/06/24 08:05,29.41,60,8,0.64
04/06/24 08:06,17.39,19,16,0.18
04/06/24 08:07,15.9,45,6,0.53
04/06/24 08:08,16.58,62,2,0.56
04/06/24 08:09,15.4,59,1,0.53
04/06/24 08:10,22.5,86,16,0.99
04/06/24 08:11,18.1,30,17,0.32
04/06/24 08:12,24.63,84,18,0.9
04/06/24 08:13,25.38,48,8,0.52
04/06/24 08:14,15.62,22,14,0.22
04/06/24 08:15,20.0,66,3,0.54
04/06/24 08:16,23.21,25,3,0.28
04/06/24 08:17,21.78,37,20,0.34
04/06/24 08:18,28.14,46,15,0.39
04/06/24 08:19,19.04,43,10,0.48
04/06/24 08:20,19.43,93,5,1.81
04/06/24 08:21,24.47,95,4,1.49
04/06/24 08:22,28.37,65,4,0.76
04/06/24 08:23,25.94,97,5,1.05
04/06/24 08:24,19.67,32,19,0.38
04/06/24 08:25,28.88,68,12,0.59
04/06/24 08:26,16.45,39,3,0.42
04/06/24 08:27,26.71,82,3,1.35
04/06/24 08:28,27.28,79,13,0.88
04/06/24 08:29,19.17,88,0,0.76
04/06/24 08:30,18.57,85,9,0.91
04/06/24 08:31,20.89,27,7,0.24
04/06/24 08:32,23.19,61,2,0.64
04/06/24 08:33,15.51,76,7,0.89
04/06/24 08:34,28.29,36,9,0.33
04/06/24 08:35,26.51,9,2,0.08
04/06/24 08:36,22.9,89,18,1.02
04/06/24 08:37,17.02,59,18,0.57
04/06/24 08:38,15.17,11,7,0.1
04/06/24 08:39,15.02,90,2,1.5
04/06/24 08:40,25.45,95,3,0.99
04/06/24 08:41,17.58,45,1,0.44
04/06/24 08:42,21.5,77,3,0.77
04/06/24 08:43,27.43,3,12,0.02
04/06/24 08:44,23.54,73,11,0.84
04/06/24 08:45,29.28,85,5,1.31
04/06/24 08:46,23.44,80,5,1.22
04/06/24 08:47,21.83,74,15,0.65
04/06/24 08:48,17.2,8,10,0.08
04/06/24 08:49,19.35,32,15,0.31
04/06/24 08:50,24.68,45,13,0.5
04/06/24 08:51,26.05,79,20,0.8
04/06/24 08:52,27.17,52,9,0.54
04/06/24 08:53,27.58,76,11,0.84
04/06/24 08:54,19.26,12,15,0.1
04/06/24 08:55,29.51,63,5,0.74
04/06/24 08:56,26.66,29,15,0.33
04/06/24 08:57,29.93,96,0,1.84
04/06/24 08:58,21.96,90,5,1.7
04/06/24 08:59,21.86,71,2,0.63
04/06/24 09:00,21.11,92,1,1.66
04/06/24 09:01,25.87,49,16,0.43
04/06/24 09:02,15.88,37,16,0.37
04/06/24 09:03,23.54,58,14,0.6
04/06/24 09:04,20.5,14,19,0.14
04/06/24 09:05,20.81,95,12,0.8
04/06/24 09:06,22.03,69,11,0.7
04/06/24 09:07,21.14,4,19,0.03
04/06/24 09:08,15.2,4,10,0.05
04/06/24 09:09,28.88,84,1,1.47
04/06/24 09:10,29.73,15,16,0.13
04/06/24 09:11,25.57,94,3,1.54
04/06/24 09:12,20.98,99,20,0.88
04/06/24 09:13,15.64,92,13,1.08
04/06/24 09:14,27.94,39,20,0.35
04/06/24 09:15,24.8,48,11,0.56
04/06/24 09:16,21.79,11,17,0.11
04/06/24 09:17,20.86,25,12,0.25
04/06/24 09:18,21.59,93,1,1.55
04/06/24 09:19,27.69,51,11,0.43
04/06/24 09:20,16.2,26,16,0.26
04/06/24 09:21,24.94,58,20,0.49
04/06/24 09:22,20.38,32,16,0.28
04/06/24 09:23,18.58,32,17,0.32
04/06/24 09:24,19.03,41,10,0.48
04/06/24 09:25,24.43,43,14,0.44
04/06/24 09:26,28.46,56,19,0.59
04/06/24 09:27,27.29,95,10,0.87
04/06/24 09:28,17.62,19,14,0.18
04/06/24 09:29,16.49,47,11,0.4
04/06/24 09:30,18.71,39,15,0.46
04/06/24 09:31,27.88,83,17,0.77
04/06/24 09:32,29.06,54,14,0.5
04/06/24 09:33,15.33,80,3,1.34
04/06/24 09:34,28.94,53,13,0.53
04/06/24 09:35,16.58,88,15,0.75
04/06/24 09:36,26.06,63,10,0.66
04/06/24 09:37,27.66,52,19,0.46
04/06/24 09:38,15.72,4,17,0.03
04/06/24 09:39,27.94,26,10,0.25
04/06/24 09:40,15.32,99,10,1.0
04/06/24 09:41,16.81,1,15,0.01
04/06/24 09:42,22.08,66,17,0.71
04/06/24 09:43,22.84,11,20,0.1
04/06/24 09:44,28.09,20,15,0.21
04/06/24 09:45,18.4,9,19,0.1
04/06/24 09:46,26.78,13,10,0.1
04/06/24 09:47,18.12,44,14,0.38
04/06/24 09:48,23.46,32,12,0.37
04/06/24 09:49,19.51,63,19,0.59
04/06/24 09:50,22.69,18,18,0.15
04/06/24 09:51,21.07,40,11,0.44
04/06/24 09:52,15.68,96,16,1.1
04/06/24 09:53,28.27,88,13,0.97
04/06/24 09:54,25.28,63,19,0.63
04/06/24 09:55,24.14,29,16,0.28
04/06/24 09:56,29.42,10,14,0.12
04/06/24 09:57,21.65,14,10,0.15
04/06/24 09:58,24.0,63,18,0.69
04/06/24 09:59,27.62,63,20,0.67
04/06/24 10:00,25.59,93,13,0.84
04/06/24 10:01,26.19,11,20,0.11
04/06/24 10:02,21.77,30,11,0.28
04/06/24 10:03,25.55,85,17,0.9
04/06/24 10:04,27.91,63,15,0.67
04/06/24 10:05,27.28,0,15,0.0
04/06/24 10:06,24.76,44,15,0.4
04/06/24 10:07,23.79,99,16,1.05
04/06/24 10:08,23.87,69,14,0.57
04/06/24 10:09,19.57,34,11,0.31
04/06/24 10:10,23.76,75,18,0.61
04/06/24 10:11,27.43,12,13,0.12
04/06/24 10:12,26.25,62,16,0.64
04/06/24 10:13,22.78,85,16,0.98
04/06/24 10:14,27.82,71,17,0.66
04/06/24 10:15,15.28,100,10,1.04
04/06/24 10:16,16.4,22,16,0.25
04/06/24 10:17,27.43,97,18,1.06
04/06/24 10:18,18.29,6,13,0.05
04/06/24 10:19,20.83,2,17,0.02
04/06/24 10:20,17.78,51,12,0.58
04/06/24 10:21,18.88,87,18,0.71
04/06/24 10:22,27.91,41,15,0.39
04/06/24 10:23,27.44,2,16,0.02
04/06/24 10:24,19.5,69,19,0.75
04/06/24 10:25,16.29,98,2,1.67
04/06/24 10:26,15.84,90,10,0.74
04/06/24 10:27,21.8,80,16,0.85
04/06/24 10:28,17.67,28,17,0.32
04/06/24 10:29,19.01,4,17,0.05
04/06/24 10:30,28.89,23,18,0.26
04/06/24 10:31,27.22,93,14,0.8
04/06/24 10:32,17.71,1,11,0.01
04/06/24 10:33,16.81,76,13,0.82
04/06/24 10:34,21.78,49,15,0.54
04/06/24 10:35,19.98,47,16,0.48
04/06/24 10:36,15.69,76,12,0.73
04/06/24 10:37,22.88,73,10,0.64
04/06/24 10:38,25.88,77,20,0.91
04/06/24 10:39,28.03,82,18,0.93
04/06/24 10:40,25.14,45,15,0.42
04/06/24 10:41,20.05,83,4,1.28
04/06/24 10:42,16.97,59,19,0.68
04/06/24 10:43,23.61,70,10,0.81
04/06/24 10:44,22.26,18,14,0.17
04/06/24 10:45,24.62,87,10,0.83
04/06/24 10:46,24.81,55,17,0.58
04/06/24 10:47,16.85,33,17,0.37
04/06/24 10:48,28.81,94,17,1.07
04/06/24 10:49,23.0,77,13,0.64
04/06/24 10:50,25.0,90,14,0.75
04/06/24 10:51,28.74,7,11,0.08
04/06/24 10:52,17.5,23,14,0.2
04/06/24 10:53,22.06,43,15,0.41
04/06/24 10:54,25.58,5,17,0.05
04/06/24 10:55,22.78,51,15,0.54
04/06/24 10:56,24.28,97,14,1.14
04/06/24 10:57,16.47,36,14,0.39
04/06/24 10:58,27.81,3,11,0.03
04/06/24 10:59,29.76,22,11,0.21
04/06/24 11:00,24.29,54,10,0.59
04/06/24 11:01,25.85,78,20,0.65
04/06/24 11:02,24.82,98,17,0.96
04/06/24 11:03,23.85,2,20,0.02
04/06/24 11:04,20.02,99,5,1.57
04/06/24 11:05,28.52,87,20,0.97
04/06/24 11:06,15.46,7,19,0.08
04/06/24 11:07,15.55,22,20,0.2
04/06/24 11:08,23.01,74,19,0.71
04/06/24 11:09,18.03,32,12,0.37
04/06/24 11:10,26.81,57,18,0.55
04/06/24 11:11,25.85,25,11,0.22
04/06/24 11:12,20.28,73,15,0.76
04/06/24 11:13,27.7,45,12,0.51
04/06/24 11:14,23.4,22,19,0.22
04/06/24 11:15,18.52,42,10,0.4
04/06/24 11:16,26.7,82,13,0.88
04/06/24 11:17,15.01,58,14,0.69
04/06/24 11:18,20.15,75,15,0.88
04/06/24 11:19,19.59,81,4,1.44
04/06/24 11:20,18.04,87,19,0.84
04/06/24 11:21,15.21,18,20,0.15
04/06/24 11:22,26.69,99,4,1.52
04/06/24 11:23,21.78,95,17,1.02
04/06/24 11:24,19.03,96,1,1.62
04/06/24 11:25,27.19,90,2,1.74
04/06/24 11:26,15.21,72,15,0.76
04/06/24 11:27,29.85,14,20,0.15
04/06/24 11:28,23.29,31,14,0.32
04/06/24 11:29,21.0,87,5,1.37
04/06/24 11:30,26.85,65,19,0.72
04/06/24 11:31,22.74,20,19,0.2
04/06/24 11:32,28.57,94,20,0.89
04/06/24 11:33,24.61,38,11,0.36
04/06/24 11:34,25.81,34,17,0.34
04/06/24 11:35,21.24,71,13,0.8
04/06/24 11:36,16.19,100,19,1.04
04/06/24 11:37,27.77,25,13,0.23
04/06/24 11:38,16.32,25,10,0.26
04/06/24 11:39,25.49,17,18,0.15
04/06/24 11:40,19.27,49,14,0.41
04/06/24 11:41,29.86,15,16,0.18
04/06/24 11:42,24.12,2,13,0.02
04/06/24 11:43,27.59,89,4,1.62
04/06/24 11:44,23.16,7,16,0.07
04/06/24 11:45,15.64,96,10,0.87
04/06/24 11:46,21.31,95,15,0.85
04/06/24 11:47,28.97,18,18,0.17
04/06/24 11:48,16.33,84,0,1.35
04/06/24 11:49,17.91,45,19,0.5
04/06/24 11:50,19.11,69,19,0.65
04/06/24 11:51,29.63,11,16,0.1
04/06/24 11:52,24.49,26,12,0.24
04/06/24 11:53,19.89,62,11,0.73
04/06/24 11:54,26.67,36,10,0.35
04/06/24 11:55,26.6,6,20,0.07
04/06/24 11:56,23.01,43,18,0.5
04/06/24 11:57,17.58,39,19,0.41
04/06/24 11:58,27.37,56,11,0.54
04/06/24 11:59,23.76,10,19,0.1
04/06/24 12:00,23.48,13,16,0.13
04/06/24 12:01,25.09,95,5,1.69
04/06/24 12:02,26.52,43,14,0.49
04/06/24 12:03,16.58,100,11,0.84
04/06/24 12:04,22.75,36,15,0.38
04/06/24 12:05,24.18,40,16,0.34
04/06/24 12:06,15.82,90,12,1.01
04/06/24 12:07,23.93,79,17,0.84
04/06/24 12:08,29.11,92,20,1.03
04/06/24 12:09,29.9,50,12,0.59
04/06/24 12:10,27.51,87,19,0.75
04/06/24 12:11,25.8,96,1,1.8
04/06/24 12:12,23.02,70,15,0.72
04/06/24 12:13,28.72,85,11,0.95
04/06/24 12:14,27.19,76,19,0.84
04/06/24 12:15,22.55,43,16,0.44
04/06/24 12:16,18.76,54,20,0.46
04/06/24 12:17,21.96,18,15,0.18
04/06/24 12:18,24.69,91,10,0.97
04/06/24 12:19,20.46,94,0,1.8
04/06/24 12:20,17.77,12,14,0.1
04/06/24 12:21,21.79,54,13,0.52
04/06/24 12:22,20.12,25,12,0.29
04/06/24 12:23,29.24,8,17,0.07
04/06/24 12:24,20.57,41,20,0.41
04/06/24 12:25,19.89,45,10,0.51
04/06/24 12:26,22.81,92,20,0.99
04/06/24 12:27,28.82,60,11,0.5
04/06/24 12:28,28.81,37,13,0.44
04/06/24 12:29,19.88,15,18,0.15
04/06/24 12:30,20.85,59,11,0.51
04/06/24 12:31,23.4,84,14,1.0
04/06/24 12:32,20.38,36,20,0.31
04/06/24 12:33,27.08,17,12,0.15
04/06/24 12:34,16.81,17,19,0.18
04/06/24 12:35,17.66,14,18,0.14
04/06/24 12:36,28.48,36,14,0.39
04/06/24 12:37,18.43,29,16,0.29
04/06/24 12:38,26.93,56,14,0.58
04/06/24 12:39,28.78,46,19,0.5
04/06/24 12:40,19.57,6,17,0.05
04/06/24 12:41,22.78,54,10,0.47
04/06/24 12:42,20.59,43,17,0.51
04/06/24 12:43,17.79,14,11,0.12
04/06/24 12:44,26.77,2,14,0.02
04/06/24 12:45,26.41,41,14,0.33
04/06/24 12:46,18.74,54,14,0.44
04/06/24 12:47,22.4,15,15,0.12
04/06/24 12:48,19.85,9,16,0.08
04/06/24 12:49,20.55,70,16,0.74
04/06/24 12:50,29.04,85,2,1.42
04/06/24 12:51,18.61,27,13,0.28
04/06/24 12:52,19.27,93,19,1.08
04/06/24 12:53,26.13,88,16,0.72
04/06/24 12:54,28.09,3,12,0.03
04/06/24 12:55,21.51,23,12,0.21
04/06/24 12:56,17.68,80,15,0.88
04/06/24 12:57,21.31,4,12,0.03
04/06/24 12:58,17.74,4,20,0.04
04/06/24 12:59,18.28,67,19,0.66
04/06/24 13:00,21.22,57,12,0.64
04/06/24 13:01,17.25,52,19,0.49
04/06/24 13:02,18.18,58,10,0.58
04/06/24 13:03,19.57,35,14,0.3
04/06/24 13:04,22.22,54,20,0.59
04/06/24 13:05,26.64,97,12,1.08
04/06/24 13:06,29.38,19,20,0.23
04/06/24 13:07,18.7,39,12,0.32
04/06/24 13:08,19.39,21,12,0.18
04/06/24 13:09,18.34,44,18,0.51
04/06/24 13:10,28.21,80,0,1.26
04/06/24 13:11,18.6,16,12,0.14
04/06/24 13:12,22.31,46,11,0.44
04/06/24 13:13,29.36,5,10,0.04
04/06/24 13:14,25.13,73,19,0.67
04/06/24 13:15,20.3,4,18,0.03
04/06/24 13:16,19.28,40,12,0.36
04/06/24 13:17,24.09,0,18,0.0
04/06/24 13:18,24.65,44,12,0.51
04/06/24 13:19,20.08,84,4,1.35
04/06/24 13:20,18.48,40,11,0.45
04/06/24 13:21,28.82,41,17,0.4
04/06/24 13:22,25.17,81,15,0.8
04/06/24 13:23,17.76,34,10,0.29
04/06/24 13:24,18.65,92,13,0.78
04/06/24 13:25,19.27,30,19,0.3
04/06/24 13:26,23.51,21,18,0.23
04/06/24 13:27,15.38,22,16,0.19
04/06/24 13:28,28.52,31,16,0.27
04/06/24 13:29,24.95,81,15,0.82
04/06/24 13:30,21.5,79,17,0.68
04/06/24 13:31,18.8,72,19,0.72
04/06/24 13:32,26.04,85,3,1.45
04/06/24 13:33,29.14,37,18,0.37
04/06/24 13:34,27.44,82,15,0.7
04/06/24 13:35,27.17,88,11,0.86
04/06/24 13:36,26.2,36,20,0.43
04/06/24 13:37,25.76,59,20,0.62
04/06/24 13:38,25.0,0,18,0.0
04/06/24 13:39,26.23,53,17,0.5
04/06/24 13:40,18.94,70,13,0.75
04/06/24 13:41,17.39,14,18,0.16
04/06/24 13:42,26.82,3,20,0.03
04/06/24 13:43,17.93,42,13,0.34
04/06/24 13:44,20.11,51,12,0.55
04/06/24 13:45,22.06,75,12,0.82
04/06/24 13:46,15.92,12,11,0.14
04/06/24 13:47,25.96,97,20,1.02
04/06/24 13:48,28.69,84,19,1.01
04/06/24 13:49,26.87,31,20,0.36
04/06/24 13:50,29.1,73,20,0.67
04/06/24 13:51,24.98,92,10,0.82
04/06/24 13:52,27.97,9,14,0.08
04/06/24 13:53,26.4,34,12,0.29
04/06/24 13:54,16.16,21,11,0.18
04/06/24 13:55,20.49,72,19,0.79
04/06/24 13:56,15.41,16,11,0.17
04/06/24 13:57,19.4,50,12,0.52
04/06/24 13:58,20.69,69,15,0.59
04/06/24 13:59,27.23,57,20,0.52
04/06/24 14:00,17.54,28,19,0.3
04/06/24 14:01,24.98,61,10,0.62
04/06/24 14:02,20.44,47,11,0.46
04/06/24 14:03,28.42,8,11,0.07
04/06/24 14:04,23.89,54,17,0.56
04/06/24 14:05,18.91,69,17,0.66
04/06/24 14:06,22.95,55,14,0.58
04/06/24 14:07,26.14,22,15,0.2
04/06/24 14:08,17.02,87,15,0.7
04/06/24 14:09,16.46,4,17,0.04
04/06/24 14:10,18.85,71,17,0.64
04/06/24 14:11,27.07,5,18,0.05
04/06/24 14:12,25.77,86,13,0.73
04/06/24 14:13,15.33,83,19,0.91
04/06/24 14:14,15.64,85,12,0.88
04/06/24 14:15,21.06,89,11,0.79
04/06/24 14:16,26.08,85,10,0.98
04/06/24 14:17,29.92,55,13,0.45
04/06/24 14:18,29.05,89,12,0.72
04/06/24 14:19,19.45,34,13,0.31
04/06/24 14:20,20.5,86,16,1.01
04/06/24 14:21,26.26,44,18,0.36
04/06/24 14:22,29.92,7,20,0.06
04/06/24 14:23,24.44,94,1,1.68
04/06/24 14:24,19.14,59,10,0.57
04/06/24 14:25,23.83,28,18,0.33
04/06/24 14:26,22.16,28,17,0.25
04/06/24 14:27,19.59,82,0,1.41
04/06/24 14:28,15.58,23,15,0.24
04/06/24 14:29,28.75,41,11,0.44
04/06/24 14:30,25.6,39,12,0.46
04/06/24 14:31,26.51,65,10,0.7
04/06/24 14:32,15.5,60,17,0.52
04/06/24 14:33,17.77,14,12,0.14
04/06/24 14:34,29.14,100,14,0.97
04/06/24 14:35,29.4,76,20,0.89
04/06/24 14:36,28.84,46,20,0.5
04/06/24 14:37,27.75,62,14,0.6
04/06/24 14:38,27.79,96,3,1.6
04/06/24 14:39,26.87,91,17,0.74
04/06/24 14:40,15.69,71,12,0.59
04/06/24 14:41,20.64,83,16,0.74
04/06/24 14:42,17.12,82,1,1.35
04/06/24 14:43,16.59,87,19,0.87
04/06/24 14:44,15.29,33,11,0.28
04/06/24 14:45,17.96,74,10,0.67
04/06/24 14:46,24.41,77,15,0.87
04/06/24 14:47,16.67,98,1,1.65
04/06/24 14:48,17.12,48,17,0.46
04/06/24 14:49,17.83,35,15,0.33
04/06/24 14:50,19.7,73,11,0.64
04/06/24 14:51,20.49,6,20,0.06
04/06/24 14:52,29.07,23,11,0.19
04/06/24 14:53,15.44,60,18,0.54
04/06/24 14:54,25.26,73,17,0.62
04/06/24 14:55,25.02,80,18,0.76
04/06/24 14:56,22.71,27,10,0.27
04/06/24 14:57,17.08,16,10,0.19
04/06/24 14:58,26.57,85,20,0.81
04/06/24 14:59,18.75,51,12,0.59
04/06/24 15:00,17.47,73,15,0.83
04/06/24 15:01,28.59,37,19,0.38
04/06/24 15:02,18.27,54,16,0.47
04/06/24 15:03,29.09,88,17,1.03
04/06/24 15:04,18.4,54,18,0.48
04/06/24 15:05,21.63,94,1,1.6
04/06/24 15:06,23.3,67,19,0.71
04/06/24 15:07,24.57,19,12,0.17
04/06/24 15:08,18.39,75,12,0.73
04/06/24 15:09,24.02,18,15,0.18
04/06/24 15:10,28.19,28,16,0.3
04/06/24 15:11,17.28,34,11,0.28
04/06/24 15:12,23.67,75,12,0.78
04/06/24 15:13,18.23,66,14,0.63
04/06/24 15:14,20.04,19,12,0.16
04/06/24 15:15,22.31,17,10,0.15
04/06/24 15:16,17.19,87,12,0.99
04/06/24 15:17,27.8,42,17,0.41
04/06/24 15:18,18.67,49,12,0.57
04/06/24 15:19,27.37,89,19,0.79
04/06/24 15:20,25.0,42,19,0.39
04/06/24 15:21,20.62,43,16,0.42
04/06/24 15:22,17.75,6,15,0.05
04/06/24 15:23,15.82,86,16,0.92
04/06/24 15:24,20.06,78,18,0.76
04/06/24 15:25,21.9,46,14,0.5
04/06/24 15:26,17.09,20,19,0.19
04/06/24 15:27,19.1,42,15,0.5
04/06/24 15:28,18.2,8,15,0.08
04/06/24 15:29,26.66,25,18,0.26
04/06/24 15:30,22.83,83,5,1.32
04/06/24 15:31,24.47,32,18,0.28
04/06/24 15:32,27.32,52,12,0.51
04/06/24 15:33,17.58,26,16,0.29
04/06/24 15:34,18.81,46,18,0.45
04/06/24 15:35,29.14,65,13,0.56
04/06/24 15:36,27.98,27,12,0.28
04/06/24 15:37,26.06,8,19,0.08
04/06/24 15:38,18.93,4,14,0.05
04/06/24 15:39,24.58,12,18,0.13
04/06/24 15:40,26.43,98,12,0.81
04/06/24 15:41,27.63,77,12,0.82
04/06/24 15:42,18.31,9,19,0.09
04/06/24 15:43,22.96,93,18,0.98
04/06/24 15:44,15.48,40,10,0.41
04/06/24 15:45,26.18,98,1,1.85
04/06/24 15:46,23.92,95,1,1.8
04/06/24 15:47,15.32,51,15,0.51
04/06/24 15:48,27.09,22,11,0.19
04/06/24 15:49,24.33,31,10,0.32
04/06/24 15:50,24.84,8,11,0.09
04/06/24 15:51,25.14,96,15,1.06
04/06/24 15:52,28.65,67,20,0.74
04/06/24 15:53,15.48,29,14,0.35
04/06/24 15:54,27.74,25,20,0.3
04/06/24 15:55,17.1,43,14,0.38
04/06/24 15:56,27.25,100,2,1.55
04/06/24 15:57,27.93,62,11,0.61
04/06/24 15:58,27.16,10,14,0.11
04/06/24 15:59,18.4,52,11,0.55
04/06/24 16:00,22.74,57,11,0.58
04/06/24 16:01,24.44,92,12,1.07
04/06/24 16:02,25.54,74,11,0.69
04/06/24 16:03,29.12,91,11,0.95
04/06/24 16:04,21.86,92,1,1.66
04/06/24 16:05,24.36,23,11,0.21
04/06/24 16:06,16.59,89,19,0.98
04/06/24 16:07,29.81,21,14,0.17
04/06/24 16:08,25.68,76,11,0.82
04/06/24 16:09,27.25,99,2,1.77
04/06/24 16:10,29.54,38,19,0.32
04/06/24 16:11,18.03,69,11,0.74
04/06/24 16:12,23.17,0,19,0.0
04/06/24 16:13,25.65,25,12,0.27
04/06/24 16:14,24.93,86,5,1.38
04/06/24 16:15,17.15,78,13,0.83
04/06/24 16:16,27.81,96,20,0.82
04/06/24 16:17,25.88,18,17,0.2
04/06/24 16:18,16.63,32,12,0.36
04/06/24 16:19,20.26,8,16,0.07
04/06/24 16:20,29.4,95,15,0.89
04/06/24 16:21,23.37,100,18,1.08
04/06/24 16:22,19.88,86,2,1.29
04/06/24 16:23,20.04,93,17,1.02
04/06/24 16:24,24.28,4,17,0.04
04/06/24 16:25,20.05,61,15,0.58
04/06/24 16:26,15.85,85,20,0.74
04/06/24 16:27,25.97,24,10,0.27
04/06/24 16:28,24.41,100,5,1.76
04/06/24 16:29,29.03,38,18,0.31
04/06/24 16:30,24.97,88,18,0.71
04/06/24 16:31,27.42,13,11,0.14
04/06/24 16:32,29.36,95,12,1.1
04/06/24 16:33,20.18,19,19,0.16
04/06/24 16:34,27.64,64,17,0.63
04/06/24 16:35,19.99,47,18,0.53
04/06/24 16:36,28.48,76,13,0.61
04/06/24 16:37,20.37,2,15,0.02
04/06/24 16:38,20.7,96,0,1.73
04/06/24 16:39,29.56,74,15,0.8
04/06/24 16:40,15.77,1,14,0.01
04/06/24 16:41,16.92,2,17,0.02
04/06/24 16:42,21.15,91,20,1.03
04/06/24 16:43,23.49,80,5,1.27
04/06/24 16:44,29.67,35,10,0.35
04/06/24 16:45,24.67,20,12,0.24
04/06/24 16:46,27.01,77,18,0.69
04/06/24 16:47,15.77,90,2,1.42
04/06/24 16:48,19.85,33,18,0.35
04/06/24 16:49,23.33,68,15,0.69
04/06/24 16:50,28.51,40,17,0.41
04/06/24 16:51,23.5,52,13,0.47
04/06/24 16:52,17.68,75,13,0.71
04/06/24 16:53,19.33,17,14,0.2
04/06/24 16:54,28.19,19,17,0.17
04/06/24 16:55,22.61,75,14,0.87
04/06/24 16:56,29.21,90,2,1.68
04/06/24 16:57,19.63,24,16,0.21
04/06/24 16:58,15.34,80,3,1.51
04/06/24 16:59,28.06,89,20,1.0
04/06/24 17:00,19.69,37,4,0.33
04/06/24 17:01,27.86,43,16,0.47
04/06/24 17:02,22.14,61,16,0.53
04/06/24 17:03,21.91,34,18,0.36
04/06/24 17:04,16.21,64,17,0.69
04/06/24 17:05,17.86,66,17,0.71
04/06/24 17:06,24.29,64,15,0.53
04/06/24 17:07,16.83,34,1,0.33
04/06/24 17:08,20.79,85,13,1.02
04/06/24 17:09,28.26,2,6,0.02
04/06/24 17:10,20.19,26,4,0.28
04/06/24 17:11,23.82,95,13,0.8
04/06/24 17:12,22.17,13,15,0.14
04/06/24 17:13,28.78,24,5,0.29
04/06/24 17:14,22.67,84,10,0.76
04/06/24 17:15,21.0,80,2,1.46
04/06/24 17:16,23.83,98,5,1.07
04/06/24 17:17,20.28,95,15,1.09
04/06/24 17:18,19.84,77,4,0.88
04/06/24 17:19,25.22,95,2,0.79
04/06/24 17:20,28.25,93,19,1.05
04/06/24 17:21,23.37,16,7,0.13
04/06/24 17:22,22.02,21,18,0.18
04/06/24 17:23,29.47,18,16,0.2
04/06/24 17:24,29.67,79,20,0.89
04/06/24 17:25,17.05,76,19,0.61
04/06/24 17:26,25.32,46,13,0.43
04/06/24 17:27,29.86,98,2,1.82
04/06/24 17:28,28.27,10,19,0.11
04/06/24 17:29,15.23,94,5,1.59
04/06/24 17:30,21.06,42,0,0.45
04/06/24 17:31,26.29,26,3,0.25
04/06/24 17:32,28.05,45,9,0.45
04/06/24 17:33,15.68,97,11,1.15
04/06/24 17:34,18.27,2,8,0.02
04/06/24 17:35,19.37,48,13,0.5
04/06/24 17:36,24.03,11,19,0.09
04/06/24 17:37,23.25,98,4,1.59
04/06/24 17:38,21.61,87,1,1.45
04/06/24 17:39,27.53,80,3,0.82
04/06/24 17:40,27.2,91,14,1.03
04/06/24 17:41,28.69,63,7,0.73
04/06/24 17:42,18.57,77,18,0.7
04/06/24 17:43,24.47,51,19,0.48
04/06/24 17:44,15.34,52,19,0.59
04/06/24 17:45,20.59,85,17,0.7
04/06/24 17:46,29.44,75,10,0.71
04/06/24 17:47,23.37,38,6,0.45
04/06/24 17:48,24.18,58,0,0.68
04/06/24 17:49,19.95,83,2,0.83
04/06/24 17:50,15.19,69,12,0.68
04/06/24 17:51,23.05,82,16,0.88
04/06/24 17:52,25.02,90,14,0.92
04/06/24 17:53,23.8,62,3,0.6
04/06/24 17:54,18.29,97,12,0.78
04/06/24 17:55,26.48,98,0,1.77
04/06/24 17:56,27.78,31,15,0.28
04/06/24 17:57,16.66,76,20,0.68
04/06/24 17:58,25.69,17,6,0.17
04/06/24 17:59,24.08,46,18,0.52
04/06/24 18:00,18.59,50,11,0.4
04/06/24 18:01,20.54,95,2,1.59
04/06/24 18:02,23.48,64,7,0.75
04/06/24 18:03,19.45,36,9,0.38
04/06/24 18:04,21.85,85,1,1.6
04/06/24 18:05,22.64,38,3,0.39
04/06/24 18:06,20.51,13,10,0.13
04/06/24 18:07,25.92,3,7,0.03
04/06/24 18:08,26.45,89,3,1.38
04/06/24 18:09,28.81,59,11,0.56
04/06/24 18:10,17.83,92,0,1.69
04/06/24 18:11,25.44,84,2,1.57
04/06/24 18:12,18.26,97,0,1.79
04/06/24 18:13,22.22,10,14,0.09
04/06/24 18:14,28.81,9,9,0.1
04/06/24 18:15,16.49,51,16,0.45
04/06/24 18:16,22.45,98,0,1.15
04/06/24 18:17,25.91,58,9,0.53
04/06/24 18:18,20.17,71,0,0.72
04/06/24 18:19,26.73,86,9,0.89
04/06/24 18:20,18.73,62,10,0.59
04/06/24 18:21,29.16,12,4,0.11
04/06/24 18:22,28.26,59,6,0.61
04/06/24 18:23,18.58,99,5,0.98
04/06/24 18:24,27.04,93,8,1.0
04/06/24 18:25,16.27,87,5,1.63
04/06/24 18:26,29.88,86,4,1.02
04/06/24 18:27,28.92,35,9,0.36
04/06/24 18:28,15.81,18,15,0.21
04/06/24 18:29,18.65,42,17,0.39
04/06/24 18:30,23.0,26,15,0.28
04/06/24 18:31,26.57,24,4,0.26
04/06/24 18:32,26.23,94,2,1.41
04/06/24 18:33,27.49,98,19,0.92
04/06/24 18:34,26.06,8,20,0.07
04/06/24 18:35,21.81,89,5,1.4
04/06/24 18:36,16.04,51,12,0.57
04/06/24 18:37,19.11,95,1,1.55
04/06/24 18:38,25.92,85,17,0.85
04/06/24 18:39,28.3,79,10,0.79
04/06/24 18:40,21.11,66,2,0.77
04/06/24 18:41,28.08,48,1,0.55
04/06/24 18:42,26.57,52,20,0.55
04/06/24 18:43,18.86,95,8,1.01
04/06/24 18:44,16.62,83,2,0.88
04/06/24 18:45,24.09,31,20,0.34
04/06/24 18:46,18.78,46,10,0.48
04/06/24 18:47,16.28,93,15,0.87
04/06/24 18:48,28.92,40,9,0.46
04/06/24 18:49,25.03,68,20,0.8
04/06/24 18:50,25.42,79,9,0.84
04/06/24 18:51,20.81,54,5,0.44
04/06/24 18:52,22.42,74,18,0.88
04/06/24 18:53,20.16,90,19,1.02
04/06/24 18:54,21.11,51,8,0.46
04/06/24 18:55,21.79,21,19,0.24
04/06/24 18:56,16.35,81,3,1.41
04/06/24 18:57,27.57,56,1,0.51
04/06/24 18:58,27.13,19,10,0.16
04/06/24 18:59,27.12,65,18,0.68
04/06/24 19:00,17.11,89,10,0.91
04/06/24 19:01,24.78,76,1,0.68
04/06/24 19:02,18.39,14,17,0.14
04/06/24 19:03,21.55,30,2,0.25
04/06/24 19:04,22.89,26,0,0.31
04/06/24 19:05,22.1,77,4,0.69
04/06/24 19:06,20.18,94,6,0.87
04/06/24 19:07,25.83,78,17,0.88
04/06/24 19:08,26.37,15,15,0.17
04/06/24 19:09,24.88,18,18,0.17
04/06/24 19:10,24.49,9,19,0.11
04/06/24 19:11,20.58,35,1,0.35
04/06/24 19:12,27.91,40,2,0.33
04/06/24 19:13,18.74,40,1,0.4
04/06/24 19:14,17.23,95,4,1.45
04/06/24 19:15,15.57,85,2,1.64
04/06/24 19:16,23.97,24,6,0.21
04/06/24 19:17,20.56,44,19,0.52
04/06/24 19:18,17.96,98,18,0.82
04/06/24 19:19,17.32,66,14,0.55
04/06/24 19:20,27.28,35,11,0.38
04/06/24 19:21,20.43,53,14,0.58
04/06/24 19:22,18.91,24,2,0.27
04/06/24 19:23,17.96,58,7,0.66
04/06/24 19:24,22.02,44,15,0.49
04/06/24 19:25,22.62,49,3,0.57
04/06/24 19:26,24.06,22,13,0.26
04/06/24 19:27,28.72,13,10,0.14
04/06/24 19:28,17.41,53,2,0.52
04/06/24 19:29,18.3,27,12,0.24
04/06/24 19:30,28.18,80,4,1.41
04/06/24 19:31,26.02,66,2,0.65
04/06/24 19:32,15.41,28,13,0.25
04/06/24 19:33,27.95,93,14,0.86
04/06/24 19:34,18.84,7,8,0.08
04/06/24 19:35,15.97,26,11,0.27
04/06/24 19:36,21.13,41,13,0.42
04/06/24 19:37,19.16,34,4,0.31
04/06/24 19:38,24.14,36,2,0.41
04/06/24 19:39,19.2,90,4,1.67
04/06/24 19:40,16.34,90,2,1.6
04/06/24 19:41,20.44,25,10,0.3
04/06/24 19:42,21.52,1,10,0.01
04/06/24 19:43,29.15,52,20,0.55
04/06/24 19:44,21.98,78,19,0.81
04/06/24 19:45,15.28,32,14,0.38
04/06/24 19:46,22.13,46,0,0.43
04/06/24 19:47,15.18,55,15,0.46
04/06/24 19:48,15.51,23,11,0.2
04/06/24 19:49,20.92,53,0,0.57
04/06/24 19:50,19.56,91,19,0.87
04/06/24 19:51,25.27,76,5,0.78
04/06/24 19:52,23.06,57,0,0.46
04/06/24 19:53,25.93,44,5,0.45
04/06/24 19:54,15.75,90,2,1.38
04/06/24 19:55,25.99,92,1,1.04
04/06/24 19:56,19.68,19,11,0.17
04/06/24 19:57,19.53,16,14,0.16
04/06/24 19:58,29.58,77,10,0.82
04/06/24 19:59,29.26,59,18,0.55
04/06/24 20:00,20.76,78,17,0.77
04/06/24 20:01,23.3,77,6,0.92
04/06/24 20:02,26.05,69,18,0.75
04/06/24 20:03,21.98,84,0,0.94
04/06/24 20:04,25.45,39,4,0.31
04/06/24 20:05,16.54,83,17,0.96
04/06/24 20:06,16.76,84,11,0.76
04/06/24 20:07,24.62,0,18,0.0
04/06/24 20:08,29.63,58,13,0.57
04/06/24 20:09,18.83,53,11,0.47
04/06/24 20:10,16.07,48,14,0.56
04/06/24 20:11,23.69,94,2,0.9
04/06/24 20:12,18.66,75,7,0.72
04/06/24 20:13,16.14,50,0,0.55
04/06/24 20:14,15.47,35,15,0.3
04/06/24 20:15,29.73,46,3,0.4
04/06/24 20:16,24.7,31,0,0.26
04/06/24 20:17,23.08,98,16,0.98
04/06/24 20:18,19.89,63,17,0.51
04/06/24 20:19,26.93,95,12,1.05
04/06/24 20:20,25.26,23,2,0.25
04/06/24 20:21,19.15,23,5,0.23
04/06/24 20:22,21.17,19,18,0.17
04/06/24 20:23,29.81,60,3,0.49
04/06/24 20:24,20.56,44,13,0.42
04/06/24 20:25,20.11,29,13,0.25
04/06/24 20:26,18.2,47,10,0.51
04/06/24 20:27,16.98,25,5,0.22
04/06/24 20:28,25.7,81,3,0.91
04/06/24 20:29,29.43,41,17,0.4
04/06/24 20:30,15.1,0,14,0.0
04/06/24 20:31,25.62,32,19,0.28
04/06/24 20:32,25.44,47,12,0.52
04/06/24 20:33,26.69,95,9,0.93
04/06/24 20:34,24.75,21,20,0.17
04/06/24 20:35,15.87,91,11,0.86
04/06/24 20:36,16.46,41,4,0.34
04/06/24 20:37,17.88,17,16,0.15
04/06/24 20:38,26.67,93,3,1.58
04/06/24 20:39,16.45,8,16,0.08
04/06/24 20:40,18.83,86,12,0.71
04/06/24 20:41,22.09,35,13,0.31
04/06/24 20:42,17.28,11,12,0.12
04/06/24 20:43,20.11,52,7,0.43
04/06/24 20:44,21.34,61,9,0.67
04/06/24 20:45,28.06,24,11,0.28
04/06/24 20:46,19.58,31,13,0.36
04/06/24 20:47,27.79,28,13,0.27
04/06/24 20:48,22.08,58,15,0.51
04/06/24 20:49,19.75,5,1,0.05
04/06/24 20:50,23.39,100,15,0.96
04/06/24 20:51,20.14,64,16,0.64
04/06/24 20:52,27.01,81,11,0.84
04/06/24 20:53,23.23,99,12,0.8
04/06/24 20:54,26.42,56,2,0.63
04/06/24 20:55,29.73,73,18,0.84
04/06/24 20:56,20.87,23,18,0.25
04/06/24 20:57,23.8,83,3,1.42
04/06/24 20:58,23.94,69,2,0.7
04/06/24 20:59,17.33,83,2,1.25
04/06/24 21:00,21.71,4,19,0.05
04/06/24 21:01,17.69,84,17,0.76
04/06/24 21:02,16.91,2,20,0.02
04/06/24 21:03,24.95,88,1,1.4
04/06/24 21:04,29.17,56,15,0.56
04/06/24 21:05,19.14,17,9,0.19
04/06/24 21:06,23.26,84,0,1.37
04/06/24 21:07,15.33,31,13,0.27
04/06/24 21:08,15.59,25,20,0.23
04/06/24 21:09,21.35,54,15,0.44
04/06/24 21:10,16.11,87,17,0.88
04/06/24 21:11,19.82,80,11,0.74
04/06/24 21:12,17.2,15,7,0.15
04/06/24 21:13,20.4,1,16,0.01
04/06/24 21:14,21.1,63,1,0.6
04/06/24 21:15,17.9,93,10,0.91
04/06/24 21:16,27.33,23,14,0.21
04/06/24 21:17,29.5,74,13,0.73
04/06/24 21:18,17.83,100,2,0.89
04/06/24 21:19,20.15,46,6,0.5
04/06/24 21:20,15.64,98,17,0.96
04/06/24 21:21,18.53,9,13,0.11
04/06/24 21:22,20.06,73,9,0.73
04/06/24 21:23,23.93,28,16,0.27
04/06/24 21:24,17.29,43,17,0.42
04/06/24 21:25,26.08,21,11,0.23
04/06/24 21:26,15.53,31,5,0.32
04/06/24 21:27,18.15,32,19,0.34
04/06/24 21:28,29.19,60,15,0.51
04/06/24 21:29,18.67,99,15,1.02
04/06/24 21:30,22.87,82,5,1.56
04/06/24 21:31,21.04,71,20,0.71
04/06/24 21:32,19.57,22,1,0.26
04/06/24 21:33,26.09,11,1,0.1
04/06/24 21:34,28.43,78,20,0.91
04/06/24 21:35,28.24,27,20,0.23
04/06/24 21:36,17.13,16,7,0.17
04/06/24 21:37,25.35,62,8,0.66
04/06/24 21:38,19.46,86,17,0.86
04/06/24 21:39,24.19,35,4,0.3
04/06/24 21:40,21.86,93,18,1.01
04/06/24 21:41,27.17,99,4,1.67
04/06/24 21:42,18.18,46,2,0.53
04/06/24 21:43,23.32,58,10,0.49
04/06/24 21:44,17.35,52,13,0.62
04/06/24 21:45,21.14,43,2,0.44
04/06/24 21:46,28.99,62,5,0.66
04/06/24 21:47,20.0,91,8,0.94
04/06/24 21:48,23.31,67,8,0.8
04/06/24 21:49,22.65,12,7,0.11
04/06/24 21:50,25.23,74,14,0.86
04/06/24 21:51,20.6,17,14,0.19
04/06/24 21:52,15.1,90,19,1.04
04/06/24 21:53,18.86,37,7,0.35
04/06/24 21:54,15.14,69,7,0.61
04/06/24 21:55,25.65,63,16,0.74
04/06/24 21:56,22.24,80,19,0.81
04/06/24 21:57,26.11,55,9,0.63
04/06/24 21:58,22.15,68,6,0.71
04/06/24 21:59,18.61,98,4,0.91
04/06/24 22:00,23.1,10,2,0.11
04/06/24 22:01,28.79,21,1,0.23
04/06/24 22:02,25.5,79,2,0.81
04/06/24 22:03,19.37,10,2,0.11
04/06/24 22:04,21.61,30,2,0.3
04/06/24 22:05,28.85,24,3,0.23
04/06/24 22:06,26.82,57,2,0.62
04/06/24 22:07,21.34,65,3,0.6
04/06/24 22:08,24.16,83,0,0.91
04/06/24 22:09,21.72,22,0,0.21
04/06/24 22:10,28.91,5,1,0.04
04/06/24 22:11,20.47,25,1,0.28
04/06/24 22:12,27.13,98,0,1.0
04/06/24 22:13,26.41,47,3,0.47
04/06/24 22:14,23.71,49,0,0.58
04/06/24 22:15,22.3,56,2,0.51
04/06/24 22:16,19.43,45,2,0.49
04/06/24 22:17,23.32,10,0,0.09
04/06/24 22:18,22.61,93,0,1.6
04/06/24 22:19,25.35,16,0,0.15
04/06/24 22:20,21.73,80,3,0.73
04/06/24 22:21,27.08,9,1,0.09
04/06/24 22:22,20.95,58,1,0.65
04/06/24 22:23,20.39,70,1,0.71
04/06/24 22:24,28.48,34,2,0.29
04/06/24 22:25,27.48,89,0,0.9
04/06/24 22:26,22.4,9,3,0.07
04/06/24 22:27,27.57,52,3,0.57
04/06/24 22:28,25.66,86,0,1.58
04/06/24 22:29,18.28,62,1,0.51
04/06/24 22:30,25.71,42,2,0.37
04/06/24 22:31,19.07,47,0,0.49
04/06/24 22:32,16.64,52,1,0.54
04/06/24 22:33,19.68,29,1,0.28
04/06/24 22:34,21.32,44,2,0.41
04/06/24 22:35,23.42,8,0,0.08
04/06/24 22:36,24.67,86,3,0.76
04/06/24 22:37,26.23,70,2,0.65
04/06/24 22:38,21.04,27,1,0.23
04/06/24 22:39,25.4,81,2,0.9
04/06/24 22:40,15.73,14,3,0.13
04/06/24 22:41,16.6,30,3,0.34
04/06/24 22:42,21.3,17,2,0.2
04/06/24 22:43,18.35,63,1,0.56
04/06/24 22:44,17.86,96,5,1.63
04/06/24 22:45,19.33,86,3,0.85
04/06/24 22:46,21.05,23,1,0.22
04/06/24 22:47,23.0,92,5,1.57
04/06/24 22:48,19.51,5,1,0.05
04/06/24 22:49,16.2,52,0,0.54
04/06/24 22:50,21.11,4,2,0.04
04/06/24 22:51,25.78,78,3,0.92
04/06/24 22:52,26.63,92,3,0.98
04/06/24 22:53,17.46,100,4,1.65
04/06/24 22:54,27.92,71,1,0.78
04/06/24 22:55,28.96,1,2,0.01
04/06/24 22:56,20.42,29,1,0.31
04/06/24 22:57,21.69,21,0,0.19
04/06/24 22:58,18.81,69,3,0.75
04/06/24 22:59,27.06,95,2,0.86
04/06/24 23:00,20.8,65,1,0.76
04/06/24 23:01,17.09,24,3,0.26
04/06/24 23:02,18.64,75,0,0.85
04/06/24 23:03,27.01,49,1,0.57
04/06/24 23:04,25.22,56,1,0.57
04/06/24 23:05,26.63,62,0,0.6
04/06/24 23:06,27.57,11,0,0.11
04/06/24 23:07,19.08,95,2,1.06
04/06/24 23:08,21.49,60,0,0.52
04/06/24 23:09,26.89,19,3,0.16
04/06/24 23:10,17.34,99,1,0.96
04/06/24 23:11,20.18,81,1,0.76
04/06/24 23:12,29.08,77,2,0.79
04/06/24 23:13,16.38,57,0,0.6
04/06/24 23:14,16.64,81,3,0.82
04/06/24 23:15,15.14,65,1,0.6
04/06/24 23:16,22.42,11,3,0.12
04/06/24 23:17,22.02,47,2,0.46
04/06/24 23:18,21.76,33,0,0.31
04/06/24 23:19,25.64,35,3,0.36
04/06/24 23:20,19.77,54,3,0.58
04/06/24 23:21,15.44,85,2,0.79
04/06/24 23:22,15.81,60,1,0.59
04/06/24 23:23,19.52,93,1,0.97
04/06/24 23:24,20.46,75,3,0.63
04/06/24 23:25,25.41,59,2,0.59
04/06/24 23:26,27.21,84,0,0.76
04/06/24 23:27,20.93,58,1,0.64
04/06/24 23:28,27.6,67,0,0.71
04/06/24 23:29,29.26,41,1,0.42
04/06/24 23:30,17.32,47,3,0.41
04/06/24 23:31,25.48,99,3,0.82
04/06/24 23:32,27.94,26,3,0.28
04/06/24 23:33,23.47,97,1,1.65
04/06/24 23:34,18.1,10,0,0.1
04/06/24 23:35,15.06,25,2,0.25
04/06/24 23:36,29.27,46,0,0.42
04/06/24 23:37,25.91,24,2,0.22
04/06/24 23:38,22.52,20,0,0.2
04/06/24 23:39,15.93,63,0,0.7
04/06/24 23:40,18.14,30,1,0.28
04/06/24 23:41,20.39,9,3,0.08
04/06/24 23:42,19.56,68,2,0.81
04/06/24 23:43,28.1,33,3,0.38
04/06/24 23:44,25.01,94,4,1.56
04/06/24 23:45,28.7,64,3,0.53
04/06/24 23:46,27.23,95,2,0.97
04/06/24 23:47,16.02,55,2,0.54
04/06/24 23:48,15.72,49,2,0.43
04/06/24 23:49,18.35,45,1,0.49
04/06/24 23:50,16.03,57,3,0.53
04/06/24 23:51,19.89,14,1,0.16
04/06/24 23:52,19.76,85,0,1.51
04/06/24 23:53,26.8,29,1,0.31
04/06/24 23:54,21.86,8,0,0.07
04/06/24 23:55,20.33,92,3,0.9
04/06/24 23:56,29.25,71,3,0.78
04/06/24 23:57,25.43,10,0,0.11
04/06/24 23:58,20.64,62,1,0.53
04/06/24 23:59,21.13,26,1,0.23
